id,first_name,last_name,email,gender,ip_address,city,timestamp,race
1,Willie,Daniels,wdaniels0@lycos.com,Male,239.24.43.235,Salcedo,1444417688,Cuban
2,Kelly,Phillips,kphillips1@cornell.edu,Female,186.13.65.70,Kajanan,1476064261,Chickasaw
3,Paul,Moore,pmoore2@theatlantic.com,Male,1.13.76.41,Rudong,1453945732,Polynesian
4,Lois,Mitchell,lmitchell3@jigsy.com,Female,73.169.128.167,Nice,1449061947,Salvadoran
5,Diane,Ward,dward4@comcast.net,Female,110.7.71.8,Salamá,1458103366,Cuban
6,Frances,Montgomery,fmontgomery5@uol.com.br,Female,108.81.210.127,Ivry-sur-Seine,1437667100,Cheyenne
7,Willie,Warren,wwarren6@techcrunch.com,Male,102.57.96.241,Hòa Bình,1437586995,Uruguayan
8,Louis,Davis,ldavis7@intel.com,Male,187.73.40.209,Gaoling,1450237793,Lumbee
9,Arthur,Peterson,apeterson8@admin.ch,Male,20.69.71.231,Marieville,1437261237,Yaqui
10,Carolyn,Crawford,ccrawford9@cbsnews.com,Female,226.241.123.90,Aboisso,1455143289,Ute
11,Lawrence,Lee,lleea@1688.com,Male,197.205.149.242,Port Glaud,1477198607,Salvadoran
12,Martha,Morris,mmorrisb@nytimes.com,Female,192.34.125.182,San José de Bocay,1452356237,Panamanian
13,Benjamin,Pierce,bpiercec@hc360.com,Male,217.1.147.67,Đắk Song,1450231044,Sioux
14,Wanda,Morris,wmorrisd@irs.gov,Female,219.100.28.90,Poponcol,1477969027,Costa Rican
15,Roy,Grant,rgrante@seattletimes.com,Male,239.99.180.49,Salgar,1471603592,Apache
16,Matthew,Perry,mperryf@mayoclinic.com,Male,84.128.107.186,Mira,1462207677,Sioux
17,William,Woods,wwoodsg@amazon.co.jp,Male,212.228.63.165,Daszewice,1460557987,Nicaraguan
18,Michael,Moreno,mmorenoh@a8.net,Male,170.42.61.214,Chaoyang,1477923805,Pima
19,Chris,Kennedy,ckennedyi@163.com,Male,247.95.221.42,Druya,1449114003,Taiwanese
20,Ruth,Lee,rleej@wiley.com,Female,165.206.228.187,Lapi,1454333644,Tohono O'Odham
21,Ann,Fowler,afowlerk@hubpages.com,Female,252.219.124.155,Shangjiangxu,1454750606,Chippewa
22,Phyllis,Stewart,pstewartl@fotki.com,Female,56.107.200.66,Riangkroko,1464146906,Choctaw
23,Linda,Harrison,lharrisonm@arstechnica.com,Female,76.189.196.225,Saraktash,1450001698,Bolivian
24,William,Hudson,whudsonn@addtoany.com,Male,11.51.57.70,Jenesano,1469850265,Chippewa
25,Karen,Snyder,ksnydero@ehow.com,Female,190.64.243.94,Boudinar,1452830907,American Indian and Alaska Native (AIAN)
26,Rebecca,Hayes,rhayesp@google.fr,Female,193.101.225.157,Shagonar,1465800463,Black or African American
27,Gerald,Kennedy,gkennedyq@weibo.com,Male,243.42.110.220,La Falda,1457469908,Colville
28,Janet,Brown,jbrownr@uiuc.edu,Female,129.240.223.77,Paratunka,1452896108,Spaniard
29,Paula,Wright,pwrights@unicef.org,Female,211.116.208.160,Concepción,1448055757,Cherokee
30,Sandra,Arnold,sarnoldt@columbia.edu,Female,78.231.190.248,Karditsomagoúla,1453766538,Menominee
31,John,Fernandez,jfernandezu@mashable.com,Male,91.207.6.8,Xinhe,1443820079,Polynesian
32,Amanda,Shaw,ashawv@4shared.com,Female,31.255.150.171,Markham,1462797492,Japanese
33,Gerald,Ray,grayw@pagesperso-orange.fr,Male,201.40.61.19,Salfīt,1450310401,Chinese
34,Betty,Weaver,bweaverx@trellian.com,Female,31.75.140.170,Stepnogorsk,1469718437,Thai
35,Judy,Long,jlongy@feedburner.com,Female,94.172.4.166,Sanghan,1443277426,Shoshone
36,Stephen,Chapman,schapmanz@mayoclinic.com,Male,212.146.211.85,Brumadinho,1445671062,Native Hawaiian and Other Pacific Islander (NHPI)
37,Larry,Thompson,lthompson10@ow.ly,Male,16.50.202.247,Głogówek,1450805235,Laotian
38,Alan,Gonzalez,agonzalez11@hhs.gov,Male,77.170.81.17,Xiawuqi,1438378759,Central American
39,Andrea,Price,aprice12@arizona.edu,Female,229.111.203.219,Hongshi,1462932874,Comanche
40,Emily,Spencer,espencer13@example.com,Female,139.149.36.16,Detroit,1458161111,Paraguayan
41,Russell,Knight,rknight14@archive.org,Male,240.56.131.47,Kolympári,1457954912,Polynesian
42,Brandon,Woods,bwoods15@plala.or.jp,Male,127.235.17.82,Abut,1469169198,Sri Lankan
43,Bruce,King,bking16@arizona.edu,Male,27.122.255.123,Eslöv,1462657288,Micronesian
44,Anthony,Brooks,abrooks17@joomla.org,Male,243.239.35.14,Lidečko,1458552324,Potawatomi
45,Judith,Lee,jlee18@elpais.com,Female,178.19.32.131,Tangkil,1470592080,Lumbee
46,Benjamin,Jordan,bjordan19@cdbaby.com,Male,81.3.27.221,Kremidivka,1459136875,Puget Sound Salish
47,Jeffrey,Arnold,jarnold1a@bluehost.com,Male,6.74.159.53,Aghada,1457529887,Tlingit-Haida
48,Marilyn,Green,mgreen1b@phoca.cz,Female,233.96.130.53,Bumpe,1446822651,American Indian
49,Carol,Warren,cwarren1c@photobucket.com,Female,30.87.238.200,Setúbal,1449609480,Lumbee
50,Antonio,Morrison,amorrison1d@tamu.edu,Male,252.188.204.174,Yayao,1451831778,Latin American Indian
51,Willie,Reynolds,wreynolds1e@home.pl,Male,32.128.165.77,Dayuan,1476475882,Iroquois
52,Virginia,Edwards,vedwards1f@timesonline.co.uk,Female,175.211.229.62,Zheyuan,1444904640,Melanesian
53,Jack,Thompson,jthompson1g@soup.io,Male,182.202.24.181,Bonn,1451479348,Bolivian
54,Johnny,Perry,jperry1h@vk.com,Male,181.44.106.145,Kaset Sombun,1439476822,Micronesian
55,Lillian,Butler,lbutler1i@qq.com,Female,24.64.245.117,Mandor,1458541166,Sri Lankan
56,Jimmy,Patterson,jpatterson1j@dropbox.com,Male,204.245.60.16,Bromma,1479359118,Cree
57,Henry,Perry,hperry1k@apache.org,Male,155.161.144.194,Caringin Lor,1475514220,Osage
58,Karen,Gonzalez,kgonzalez1l@ihg.com,Female,170.80.125.255,Gibara,1446951143,Melanesian
59,Earl,Mills,emills1m@apache.org,Male,16.61.114.13,Barrancas,1449597912,Bolivian
60,Kathleen,Vasquez,kvasquez1n@qq.com,Female,218.159.207.53,Corgo,1472146592,Osage
61,Carol,Hill,chill1o@dailymotion.com,Female,44.179.94.10,Brangsi,1438886151,Costa Rican
62,Howard,James,hjames1p@jimdo.com,Male,23.19.101.25,Maglajani,1450835714,Pueblo
63,Carol,Warren,cwarren1q@google.fr,Female,187.53.248.253,Czerniewice,1451045248,Asian Indian
64,Virginia,Jenkins,vjenkins1r@salon.com,Female,95.200.143.91,Huangjin,1439361017,Paraguayan
65,Lillian,Bell,lbell1s@slate.com,Female,64.125.174.223,Tāngāil,1445593460,Latin American Indian
66,Brenda,Ruiz,bruiz1t@alexa.com,Female,255.174.24.7,Akouda,1448894480,Alaskan Athabascan
67,Laura,Nelson,lnelson1u@mozilla.com,Female,189.192.93.137,Bojawa,1452979121,Japanese
68,Steve,Scott,sscott1v@deviantart.com,Male,67.45.171.246,Haparanda,1474981097,Guamanian
69,Beverly,Dixon,bdixon1w@icio.us,Female,252.144.30.216,Áno Liósia,1463672785,Yuman
70,Lisa,Martinez,lmartinez1x@google.ca,Female,225.50.10.113,Tawali,1477224053,Melanesian
71,Rose,Ray,rray1y@rambler.ru,Female,143.224.43.245,Vergara,1445816150,Mexican
72,Christina,Sims,csims1z@discovery.com,Female,85.19.250.250,Nidek,1457808447,Delaware
73,George,Gilbert,ggilbert20@symantec.com,Male,146.241.84.170,Daidaon,1455647612,White
74,Gloria,Howard,ghoward21@xinhuanet.com,Female,202.73.126.221,Kanoni,1461445644,Indonesian
75,Dennis,Carroll,dcarroll22@booking.com,Male,108.120.50.79,Tokār,1457297168,Tongan
76,Christopher,Armstrong,carmstrong23@google.com.au,Male,123.194.85.120,Lingbei,1468267593,Cheyenne
77,Angela,Perry,aperry24@ebay.com,Female,27.239.72.208,Karviná,1443874236,Fijian
78,Anna,Graham,agraham25@diigo.com,Female,147.57.64.126,Huangchen,1466613935,Eskimo
79,Donald,Gilbert,dgilbert26@sohu.com,Male,82.127.56.102,Iradan,1441092227,Tlingit-Haida
80,Alice,Bishop,abishop27@dagondesign.com,Female,222.48.138.193,Katwijk,1440688578,Pueblo
81,Debra,Hawkins,dhawkins28@nbcnews.com,Female,58.125.97.40,Fundong,1454980240,Cuban
82,Carlos,Franklin,cfranklin29@reuters.com,Male,102.173.189.154,Chaloem Phra Kiat,1441772599,Apache
83,Martin,Mendoza,mmendoza2a@cpanel.net,Male,220.229.78.209,San Rafael,1438300902,Mexican
84,Sandra,Sanchez,ssanchez2b@wordpress.com,Female,240.134.212.74,Santa Rita do Passa Quatro,1465921769,Menominee
85,Rebecca,Vasquez,rvasquez2c@psu.edu,Female,254.50.252.142,Kleszczewo,1443485285,Asian Indian
86,Bobby,Mendoza,bmendoza2d@cocolog-nifty.com,Male,131.106.10.162,Pingzhuang,1471307786,Argentinian
87,Craig,Hart,chart2e@forbes.com,Male,82.20.198.102,Baardheere,1449432841,Black or African American
88,Howard,Weaver,hweaver2f@fotki.com,Male,172.95.194.96,Milín,1476730409,Honduran
89,Gary,Anderson,ganderson2g@last.fm,Male,27.31.247.78,Morelos,1471333698,Osage
90,Susan,Kennedy,skennedy2h@ibm.com,Female,211.105.207.41,Canela,1466571364,Pima
91,Barbara,Hunter,bhunter2i@trellian.com,Female,166.174.119.39,Sankt Lorenzen im Mürztal,1470784947,American Indian
92,Eugene,Gordon,egordon2j@gnu.org,Male,137.251.247.113,Jardín,1469602129,Panamanian
93,Dorothy,King,dking2k@bizjournals.com,Female,136.55.124.215,Rashaant,1448560118,Thai
94,Elizabeth,Kim,ekim2l@cbc.ca,Female,117.60.69.246,Fastovetskaya,1469422436,Asian
95,Amy,Wagner,awagner2m@yolasite.com,Female,203.167.248.36,Taman,1467307580,Fijian
96,Timothy,Hernandez,thernandez2n@aol.com,Male,143.162.129.170,Gustavsberg,1470506820,Pueblo
97,Donna,Garcia,dgarcia2o@cnet.com,Female,145.199.141.145,San Miguel,1438086423,Seminole
98,Andrea,Montgomery,amontgomery2p@hao123.com,Female,124.153.248.172,Jiangfeng,1437447474,Mexican
99,Helen,Day,hday2q@cyberchimps.com,Female,220.35.69.69,Nanterre,1443248723,Crow
100,Susan,Mills,smills2r@un.org,Female,115.56.112.116,Donskoye,1447256082,Choctaw
101,Nicole,Hamilton,nhamilton2s@elegantthemes.com,Female,112.169.254.254,Cipari Satu,1447366331,Central American
102,Jennifer,Gutierrez,jgutierrez2t@devhub.com,Female,105.240.88.183,Cilegi,1470060405,Chilean
103,Sandra,Cruz,scruz2u@shutterfly.com,Female,111.217.110.192,Tikiw,1471325285,Houma
104,Shawn,Larson,slarson2v@intel.com,Male,106.186.4.56,Jiblah,1453115091,Ecuadorian
105,Daniel,Moore,dmoore2w@businessinsider.com,Male,197.217.5.125,Phu Loc,1438413211,South American
106,Victor,Nichols,vnichols2x@virginia.edu,Male,93.197.156.29,Panique,1455435867,Sioux
107,Shawn,Ross,sross2y@jalbum.net,Male,210.23.82.133,Roissy Charles-de-Gaulle,1454026460,Menominee
108,Gerald,Weaver,gweaver2z@com.com,Male,116.159.91.100,Sarishābāri,1462547411,Uruguayan
109,Lori,Webb,lwebb30@creativecommons.org,Female,242.59.30.136,Irupi,1437651772,Colombian
110,Deborah,Reed,dreed31@unesco.org,Female,221.204.123.195,Jadi,1459940299,Spaniard
111,Steven,Mason,smason32@harvard.edu,Male,115.157.227.128,Sanshui,1449369805,Korean
112,Tina,Gonzalez,tgonzalez33@mac.com,Female,84.212.23.250,Kermānshāh,1467204439,Seminole
113,Tammy,Wood,twood34@fema.gov,Female,128.238.142.156,Luboń,1470826005,Puget Sound Salish
114,Alice,Diaz,adiaz35@howstuffworks.com,Female,113.252.232.153,Yantan,1448626850,Seminole
115,Ronald,Henry,rhenry36@slideshare.net,Male,253.247.23.120,Shuigou,1467418466,Venezuelan
116,Ruth,Gutierrez,rgutierrez37@ocn.ne.jp,Female,207.29.90.35,Dayr Abū Ḑa‘īf,1462756763,Houma
117,Jose,Ramos,jramos38@paginegialle.it,Male,241.73.237.10,Malambo,1471502832,Yakama
118,Lois,Ryan,lryan39@reuters.com,Female,194.136.160.227,Vapnyarka,1475541497,Mexican
119,Dennis,Harper,dharper3a@newsvine.com,Male,109.2.252.107,Seto,1446948612,Ecuadorian
120,Sara,Hunter,shunter3b@marriott.com,Female,103.200.63.7,Pasirsongket Dua,1467910957,Iroquois
121,Sharon,Greene,sgreene3c@arizona.edu,Female,161.138.144.155,Sonder,1438657640,Ute
122,Robin,Ruiz,rruiz3d@google.com.hk,Female,76.98.146.154,Santo Antônio do Monte,1472823621,Mexican
123,Edward,Allen,eallen3e@cocolog-nifty.com,Male,229.182.216.54,Chile Chico,1465158692,Bolivian
124,Phillip,Carpenter,pcarpenter3f@house.gov,Male,151.107.139.108,San Justo,1470764861,Vietnamese
125,Ashley,Burton,aburton3g@friendfeed.com,Female,3.217.142.160,Shisui,1463374597,Tongan
126,Gary,Little,glittle3h@ted.com,Male,48.130.212.108,Esperanza,1462310925,Tohono O'Odham
127,Russell,Fernandez,rfernandez3i@elegantthemes.com,Male,55.129.200.49,Sūq Şirwāḩ,1470326470,South American
128,Victor,Mitchell,vmitchell3j@vkontakte.ru,Male,51.214.32.76,Kedungwringin Satu,1452278830,Osage
129,Sean,Palmer,spalmer3k@census.gov,Male,50.100.11.207,Central,1438532118,Ottawa
130,Anthony,Johnston,ajohnston3l@wordpress.org,Male,68.57.108.61,Phanom Phrai,1470620068,Fijian
131,Annie,Lawrence,alawrence3m@comsenz.com,Female,71.62.228.254,Chvalšiny,1453140622,Micronesian
132,Ralph,Garcia,rgarcia3n@sciencedaily.com,Male,211.236.193.216,Bahía Blanca,1459309135,American Indian and Alaska Native (AIAN)
133,Christine,Perry,cperry3o@geocities.com,Female,238.163.136.108,Nelazskoye,1469167536,Pueblo
134,Charles,Parker,cparker3p@nyu.edu,Male,53.57.215.42,Novo-Peredelkino,1467730794,Pueblo
135,Kenneth,Medina,kmedina3q@wix.com,Male,145.228.108.246,Liuxia,1444789337,Alaskan Athabascan
136,Patrick,Henderson,phenderson3r@mlb.com,Male,163.225.138.254,München,1459764511,Ecuadorian
137,Heather,Shaw,hshaw3s@51.la,Female,161.62.96.143,Sekampung,1454175101,Bangladeshi
138,Brenda,Cox,bcox3t@europa.eu,Female,45.68.113.77,Dahewan,1472177333,Dominican (Dominican Republic)
139,Patrick,Perkins,pperkins3u@constantcontact.com,Male,55.114.250.187,Sbikha,1468863068,Tlingit-Haida
140,Pamela,Gilbert,pgilbert3v@flickr.com,Female,23.55.9.137,Suhopolje,1478597359,Chinese
141,Bobby,Lawrence,blawrence3w@bloglovin.com,Male,97.196.27.208,Leigu,1449019072,Spaniard
142,Jerry,Welch,jwelch3x@army.mil,Male,57.204.254.41,Novopokrovka,1467822611,Potawatomi
143,Irene,Alexander,ialexander3y@netlog.com,Female,50.142.222.131,Zhaogezhuang,1437231078,Yuman
144,Tina,Shaw,tshaw3z@deviantart.com,Female,111.86.178.59,Houping,1475073902,Colville
145,Rose,Torres,rtorres40@wikimedia.org,Female,81.30.149.61,Tuncheng,1443421149,Seminole
146,Lisa,Campbell,lcampbell41@apple.com,Female,250.104.244.72,San Lorenzo,1449621166,Pueblo
147,Doris,Davis,ddavis42@noaa.gov,Female,103.3.92.28,Candoso,1468990487,Ottawa
148,Walter,Duncan,wduncan43@oracle.com,Male,218.233.42.34,Nara-shi,1443860312,Yuman
149,Catherine,Sanders,csanders44@google.fr,Female,67.238.134.140,Dapaong,1448451187,Guatemalan
150,Joseph,Kelley,jkelley45@cargocollective.com,Male,199.132.71.24,Strogino,1476063325,Crow
151,Heather,Cox,hcox46@cbc.ca,Female,142.193.171.54,Longgang,1443371212,Panamanian
152,Norma,Shaw,nshaw47@canalblog.com,Female,217.215.28.76,Longquan,1478946630,Menominee
153,Doris,Hayes,dhayes48@livejournal.com,Female,115.2.156.84,Magsaysay,1471200662,Asian
154,Bobby,Reynolds,breynolds49@bravesites.com,Male,59.37.85.135,Changyanbao,1460363761,Menominee
155,Edward,Payne,epayne4a@live.com,Male,10.170.92.235,Okpoma,1456002511,Japanese
156,Paul,Harris,pharris4b@wired.com,Male,91.197.92.70,Ouzini,1439914210,Osage
157,Carol,Frazier,cfrazier4c@rakuten.co.jp,Female,31.172.156.135,Zapod,1470396111,Seminole
158,Gary,George,ggeorge4d@ihg.com,Male,121.182.125.212,Mayorga,1468815903,Filipino
159,Kenneth,Bennett,kbennett4e@hud.gov,Male,15.14.183.65,Zhoukou,1477764726,Aleut
160,Randy,Sanchez,rsanchez4f@rakuten.co.jp,Male,255.53.158.238,Oliveira,1464563583,Asian Indian
161,Martin,Mccoy,mmccoy4g@instagram.com,Male,156.42.190.29,Komyshnya,1446316876,Pueblo
162,Judith,Russell,jrussell4h@scientificamerican.com,Female,249.101.178.183,Ibusuki,1441929456,Cuban
163,Evelyn,Cox,ecox4i@ocn.ne.jp,Female,219.129.79.178,Pohonsirih,1459286269,Guatemalan
164,Lawrence,Jackson,ljackson4j@accuweather.com,Male,29.160.173.116,Almendra,1479401157,Ute
165,Russell,Mitchell,rmitchell4k@yale.edu,Male,73.37.77.175,Guanyao,1459780051,Cheyenne
166,Anthony,Armstrong,aarmstrong4l@mozilla.com,Male,168.82.120.212,Calceta,1478377632,Iroquois
167,Richard,Frazier,rfrazier4m@statcounter.com,Male,173.186.82.178,Chone,1442589797,Bangladeshi
168,Sarah,Allen,sallen4n@mapy.cz,Female,128.185.77.28,El Cardo,1453208415,Houma
169,Jonathan,Jacobs,jjacobs4o@marriott.com,Male,98.30.186.135,Tengah,1479194444,Japanese
170,Benjamin,Sims,bsims4p@diigo.com,Male,198.84.25.115,Trzebinia,1480425498,Pueblo
171,Jeremy,Cox,jcox4q@nhs.uk,Male,64.52.140.79,Arzakan,1455667244,South American
172,Amanda,Burke,aburke4r@wired.com,Female,81.54.246.70,Nuevo Amanecer,1462978018,Yaqui
173,Kathryn,Nichols,knichols4s@skyrock.com,Female,208.48.36.111,Winnica,1440211560,Spaniard
174,Alice,Franklin,afranklin4t@umich.edu,Female,205.46.87.67,Zbiroh,1444275417,Indonesian
175,Sean,Reynolds,sreynolds4u@reverbnation.com,Male,161.227.86.199,Linxi,1438091511,Ottawa
176,Henry,Stone,hstone4v@163.com,Male,241.133.90.109,Fenghuo,1472255389,Apache
177,Roger,Bishop,rbishop4w@house.gov,Male,161.242.23.5,Kitāf,1451071847,Filipino
178,Judy,Sullivan,jsullivan4x@slate.com,Female,239.54.96.84,Florida,1438524967,Tlingit-Haida
179,Raymond,Garcia,rgarcia4y@cdc.gov,Male,176.65.16.108,Huanglian,1451550930,Potawatomi
180,Rachel,Ortiz,rortiz4z@sciencedaily.com,Female,51.220.95.5,Brloh,1473497040,Eskimo
181,Justin,Wagner,jwagner50@pen.io,Male,5.103.161.8,Patulul,1467123638,Costa Rican
182,Tammy,Henderson,thenderson51@360.cn,Female,166.6.213.132,Banjiang,1442868444,Pakistani
183,Walter,Mendoza,wmendoza52@symantec.com,Male,5.229.235.136,Ruda Maleniecka,1452844394,Houma
184,Ruth,Rodriguez,rrodriguez53@rakuten.co.jp,Female,40.126.117.167,Capissayan Sur,1463761703,Ottawa
185,Richard,Ryan,rryan54@mysql.com,Male,20.131.175.12,Manaloal,1460447136,Fijian
186,Louis,Hall,lhall55@discuz.net,Male,170.8.217.191,Eksjö,1473249216,Ottawa
187,Julia,Ferguson,jferguson56@about.com,Female,133.197.238.241,Ubatuba,1446224635,Salvadoran
188,Lois,Mitchell,lmitchell57@walmart.com,Female,113.224.89.165,Cisantri,1462059309,Aleut
189,Tina,Harrison,tharrison58@over-blog.com,Female,139.152.86.167,Espírito Santo do Pinhal,1466283731,Cree
190,Ashley,Anderson,aanderson59@slashdot.org,Female,192.67.209.118,Sijiqing,1453176687,Fijian
191,Amy,Fernandez,afernandez5a@netlog.com,Female,185.133.43.70,Jingmen,1474165127,Chamorro
192,Edward,Welch,ewelch5b@guardian.co.uk,Male,91.118.94.143,Haiyang,1475173750,Sioux
193,Donna,Chapman,dchapman5c@squidoo.com,Female,137.24.15.65,Bełżyce,1477740909,Osage
194,Diane,Walker,dwalker5d@springer.com,Female,188.96.189.66,Palamadu,1473303824,Uruguayan
195,Brenda,Porter,bporter5e@indiegogo.com,Female,254.194.239.160,Cibangban Girang,1473424234,Polynesian
196,Andrew,Cook,acook5f@ebay.co.uk,Male,218.93.10.54,Zürich,1474815814,Blackfeet
197,Robin,Banks,rbanks5g@ycombinator.com,Female,60.120.185.140,Forquilhinha,1438562782,Tohono O'Odham
198,Laura,Barnes,lbarnes5h@google.es,Female,161.97.191.196,Hartola,1465124856,Puerto Rican
199,George,Fox,gfox5i@dagondesign.com,Male,89.134.191.238,Bledzew,1472556952,Tohono O'Odham
200,Angela,Jacobs,ajacobs5j@reuters.com,Female,226.185.128.121,Azurva,1441501232,Tlingit-Haida
201,Janice,Wood,jwood5k@amazon.co.uk,Female,57.146.101.251,Krasnogorodskoye,1469393259,Venezuelan
202,Sharon,Gomez,sgomez5l@shinystat.com,Female,134.235.138.241,Insrom,1448950959,Sri Lankan
203,Raymond,Frazier,rfrazier5m@webs.com,Male,109.197.104.50,San Antonio,1452893585,Lumbee
204,Marilyn,Carr,mcarr5n@cornell.edu,Female,220.76.100.120,La Azulita,1464015038,Central American
205,Steve,Gardner,sgardner5o@symantec.com,Male,119.188.250.80,Ereencav,1463582539,Pakistani
206,Frances,Burke,fburke5p@ebay.com,Female,49.182.66.5,Krajenka,1453948361,Houma
207,Martha,Alexander,malexander5q@phoca.cz,Female,3.164.225.108,Kaffrine,1462918252,Central American
208,Ashley,Fields,afields5r@free.fr,Female,144.235.124.214,Watuka,1438655750,Tohono O'Odham
209,Adam,Rodriguez,arodriguez5s@taobao.com,Male,138.52.141.218,Al ‘Anān,1443779175,Pakistani
210,Joyce,Powell,jpowell5t@wikipedia.org,Female,87.15.37.68,Dera Bugti,1454882055,Cuban
211,Heather,Green,hgreen5u@php.net,Female,145.228.211.176,Bhunya,1446050759,Guatemalan
212,Tammy,Chavez,tchavez5v@histats.com,Female,61.89.221.173,Al Khafsah,1447397969,Tongan
213,Adam,Jenkins,ajenkins5w@mtv.com,Male,115.81.222.79,Dabai,1461636880,Pakistani
214,Susan,Moreno,smoreno5x@de.vu,Female,91.212.61.0,Wenceslau Braz,1473810675,Iroquois
215,Kathy,Grant,kgrant5y@berkeley.edu,Female,43.176.127.218,Tsaratanana,1480127222,Micronesian
216,Eugene,Bishop,ebishop5z@aboutads.info,Male,246.81.123.14,Galesong,1468904260,Shoshone
217,Andrea,Nguyen,anguyen60@dot.gov,Female,196.186.163.20,Shangyuan,1477495545,Panamanian
218,Henry,Martinez,hmartinez61@ebay.co.uk,Male,180.69.251.41,Cashel,1453211757,Micronesian
219,Tammy,Williamson,twilliamson62@moonfruit.com,Female,244.75.76.213,Ximafang,1437979178,Pueblo
220,Aaron,Hall,ahall63@lycos.com,Male,131.92.49.178,Lerum,1455315801,Alaska Native
221,Victor,Bowman,vbowman64@washingtonpost.com,Male,83.150.94.20,Líbeznice,1456732252,Argentinian
222,Richard,Ross,rross65@telegraph.co.uk,Male,32.156.203.68,Lazaro Cardenas,1457773024,Yaqui
223,Keith,Weaver,kweaver66@virginia.edu,Male,7.85.120.212,Неготино,1436976984,Choctaw
224,Norma,Bennett,nbennett67@multiply.com,Female,22.127.113.68,Anyu,1462129675,Malaysian
225,Earl,Reed,ereed68@businesswire.com,Male,175.246.21.92,Changning,1454251028,Black or African American
226,Martha,Ryan,mryan69@bizjournals.com,Female,21.64.230.69,Pointe-à-Pitre,1440594679,Ute
227,Carolyn,Harris,charris6a@seesaa.net,Female,105.92.91.243,Bratislava,1472963426,Panamanian
228,Annie,Medina,amedina6b@ifeng.com,Female,225.67.210.214,Kibara,1453227309,Crow
229,Donald,Stevens,dstevens6c@blogspot.com,Male,253.116.24.114,Asnières-sur-Seine,1469177059,Micronesian
230,Amy,Lopez,alopez6d@narod.ru,Female,60.245.232.50,Sigiriya,1457646320,Tohono O'Odham
231,Pamela,Rice,price6e@independent.co.uk,Female,5.34.76.200,Serra,1468970245,Laotian
232,Anna,Grant,agrant6f@examiner.com,Female,102.11.66.42,Huancapi,1441605193,Yakama
233,Raymond,Green,rgreen6g@vistaprint.com,Male,12.213.185.143,Nakhabino,1439732397,Cherokee
234,Helen,Griffin,hgriffin6h@si.edu,Female,170.152.131.6,Codó,1477749573,Malaysian
235,Lori,Nguyen,lnguyen6i@ftc.gov,Female,3.156.155.166,Qarqania,1464313548,South American
236,Doris,Morales,dmorales6j@flavors.me,Female,185.118.244.74,Mancos,1469962277,Samoan
237,Teresa,Rogers,trogers6k@omniture.com,Female,204.82.7.86,Amnat Charoen,1438622043,Dominican (Dominican Republic)
238,Kathryn,Roberts,kroberts6l@tmall.com,Female,100.96.193.220,Taoyuan,1457669184,Black or African American
239,Martin,Hayes,mhayes6m@is.gd,Male,15.218.167.12,Spiczyn,1452733600,Potawatomi
240,Earl,Ramos,eramos6n@zdnet.com,Male,15.110.67.254,Konëvo,1471113217,Salvadoran
241,Janet,Gardner,jgardner6o@hao123.com,Female,35.238.202.230,Sablé-sur-Sarthe,1436704299,Native Hawaiian
242,Barbara,Fernandez,bfernandez6p@cafepress.com,Female,109.83.147.97,Shebekino,1450763413,Peruvian
243,Frances,Mccoy,fmccoy6q@cmu.edu,Female,235.32.9.126,Oshnavīyeh,1461051000,Cherokee
244,Clarence,Martin,cmartin6r@economist.com,Male,172.253.251.108,Mrzezino,1463824254,Paiute
245,Louise,Gardner,lgardner6s@squidoo.com,Female,164.136.119.152,Hultsfred,1455105577,Colville
246,Johnny,Wallace,jwallace6t@time.com,Male,88.23.38.9,Oeleu,1480194837,Central American
247,Joan,Price,jprice6u@dell.com,Female,64.225.127.203,Gaplek,1446054457,Spaniard
248,Jeffrey,Sims,jsims6v@cdbaby.com,Male,73.157.64.194,Gjinoc,1439913203,Blackfeet
249,Kenneth,Allen,kallen6w@bloomberg.com,Male,125.127.199.185,Armenia,1472929324,Chickasaw
250,Wayne,Palmer,wpalmer6x@hhs.gov,Male,37.24.207.154,Lordelo,1440933328,Sioux
251,Bonnie,Lane,blane6y@ning.com,Female,5.134.140.209,Gyumri,1442937839,Samoan
252,Sara,Wilson,swilson6z@pbs.org,Female,225.202.45.214,Randegan,1446917419,American Indian and Alaska Native (AIAN)
253,Jane,Harper,jharper70@etsy.com,Female,71.63.89.8,Wasilków,1474176788,Tohono O'Odham
254,Adam,Mendoza,amendoza71@wikipedia.org,Male,253.206.0.236,Kwangyang,1460037372,Pakistani
255,Brian,Duncan,bduncan72@omniture.com,Male,255.230.63.56,Duobagou,1474283445,Guatemalan
256,Arthur,Robinson,arobinson73@webmd.com,Male,98.50.59.196,Ngurore,1470416012,Comanche
257,Wayne,Baker,wbaker74@foxnews.com,Male,86.24.129.102,Sancha,1471534724,Central American
258,Matthew,Fernandez,mfernandez75@howstuffworks.com,Male,224.22.177.13,El Mirador,1474624623,Polynesian
259,Jason,Armstrong,jarmstrong76@unesco.org,Male,114.229.17.116,Thị Trấn Thanh Lưu,1462893747,Cambodian
260,Sarah,Owens,sowens77@yelp.com,Female,161.213.247.61,Nizhyn,1443055537,Asian Indian
261,Henry,Reid,hreid78@smh.com.au,Male,179.58.206.201,Nizao,1456479972,Chickasaw
262,Peter,Larson,plarson79@wired.com,Male,83.67.45.55,Veltruby,1475394009,Polynesian
263,Jacqueline,Kelley,jkelley7a@howstuffworks.com,Female,11.64.80.159,Wuxi,1464258773,Paraguayan
264,Frances,Ellis,fellis7b@weibo.com,Female,106.118.78.154,Ágios Andréas,1472052501,Uruguayan
265,Patrick,Rogers,progers7c@arstechnica.com,Male,172.150.180.64,Liubo,1476390176,Cherokee
266,Anne,Morris,amorris7d@canalblog.com,Female,71.206.57.197,Ayabaca,1438574357,Seminole
267,Diana,Carter,dcarter7e@hud.gov,Female,92.132.140.105,Strasbourg,1461739118,Potawatomi
268,Virginia,Wheeler,vwheeler7f@craigslist.org,Female,1.110.42.177,Preko,1479077284,Colville
269,Michael,Stanley,mstanley7g@so-net.ne.jp,Male,91.133.115.43,Bazhu,1453569751,Choctaw
270,Jeremy,Lewis,jlewis7h@163.com,Male,93.221.200.174,Tynne,1476347081,Pakistani
271,Patrick,Green,pgreen7i@alibaba.com,Male,162.58.251.5,Rozkishne,1449701531,Colville
272,Teresa,Torres,ttorres7j@squarespace.com,Female,214.196.121.254,Spånga,1471543944,Chinese
273,Wayne,Baker,wbaker7k@examiner.com,Male,32.113.194.160,Van Nuys,1474612482,Costa Rican
274,Irene,Hanson,ihanson7l@opera.com,Female,180.184.73.182,Wedangtemu,1472206974,Tohono O'Odham
275,Scott,Howell,showell7m@nsw.gov.au,Male,172.14.20.80,Subic,1468696943,Honduran
276,Paul,Schmidt,pschmidt7n@baidu.com,Male,64.126.54.118,Indianapolis,1444682599,Tlingit-Haida
277,Nicholas,Allen,nallen7o@google.com.au,Male,185.114.180.225,Lunyuk Ode,1456784425,American Indian
278,Carlos,Hall,chall7p@shutterfly.com,Male,96.52.50.252,Kiyevskoye,1439628842,Colville
279,Harold,Watkins,hwatkins7q@cdc.gov,Male,140.215.45.30,Singaparna,1447172745,Salvadoran
280,John,Wallace,jwallace7r@ucla.edu,Male,111.55.238.245,Volovo,1457748812,Puerto Rican
281,Douglas,Lopez,dlopez7s@jigsy.com,Male,213.90.77.177,Nestório,1474370561,Samoan
282,Stephen,Medina,smedina7t@ucoz.com,Male,33.9.56.255,Sindangsari,1438283099,Yaqui
283,Nicole,Webb,nwebb7u@dyndns.org,Female,104.118.118.223,Karangbaru,1453317980,Pima
284,Jennifer,Cox,jcox7v@reuters.com,Female,175.134.101.142,La Cruz,1452692144,Dominican (Dominican Republic)
285,Marie,Berry,mberry7w@icq.com,Female,169.202.80.159,Falun,1476636906,Japanese
286,Alice,Morales,amorales7x@yellowbook.com,Female,216.217.127.253,Bouças,1438825261,Nicaraguan
287,Lisa,Lee,llee7y@wikipedia.org,Female,44.227.139.66,Nerekhta,1462621328,Tongan
288,Joyce,Myers,jmyers7z@sitemeter.com,Female,132.155.142.106,Saint-Malo,1469558898,Houma
289,David,Hawkins,dhawkins80@hugedomains.com,Male,67.114.184.9,Bordeaux,1447517822,Native Hawaiian
290,Jerry,Robinson,jrobinson81@bloglovin.com,Male,111.6.106.47,Ngujung,1438504017,Korean
291,Aaron,Adams,aadams82@seattletimes.com,Male,182.80.53.94,Limanowa,1477096261,Central American
292,Brian,Young,byoung83@bizjournals.com,Male,15.93.173.62,Taiping,1461196669,Lumbee
293,Larry,Meyer,lmeyer84@free.fr,Male,82.255.57.49,Dolisie,1459798782,Argentinian
294,Patricia,Little,plittle85@oracle.com,Female,192.85.82.38,Melaka,1473926557,Colombian
295,Kimberly,Armstrong,karmstrong86@mail.ru,Female,79.160.127.248,Cotuí,1441541227,Asian
296,Daniel,Little,dlittle87@quantcast.com,Male,232.2.103.126,Oke Iho,1441438056,Cambodian
297,Nicole,Russell,nrussell88@imdb.com,Female,143.206.47.156,Yanaul,1462835079,Lumbee
298,Alice,Webb,awebb89@springer.com,Female,249.18.126.237,Colquechaca,1468359763,Vietnamese
299,Phyllis,King,pking8a@myspace.com,Female,53.203.79.235,Pontal,1444492874,Alaska Native
300,Adam,Shaw,ashaw8b@google.fr,Male,202.206.194.87,Zhangdian,1464754199,Pima
301,Gary,Lopez,glopez8c@weebly.com,Male,175.102.91.8,Church End,1462429992,Salvadoran
302,Tina,Stevens,tstevens8d@gov.uk,Female,123.112.4.146,Seattle,1447987459,Alaskan Athabascan
303,Mary,Hernandez,mhernandez8e@jalbum.net,Female,228.160.30.60,Sumberjo,1447148139,Blackfeet
304,Mark,Walker,mwalker8f@thetimes.co.uk,Male,95.230.195.127,Siguqiao,1472214125,Paiute
305,Norma,Flores,nflores8g@barnesandnoble.com,Female,222.87.110.166,Västervik,1472875120,Chinese
306,Stephanie,Owens,sowens8h@blogger.com,Female,202.189.131.10,Karungdong,1437979499,Guamanian
307,Kimberly,George,kgeorge8i@usgs.gov,Female,57.57.49.59,Oji River,1443071353,Indonesian
308,Richard,Patterson,rpatterson8j@geocities.com,Male,38.168.102.145,Manjakandriana,1469136391,Ute
309,Eugene,Torres,etorres8k@hostgator.com,Male,152.213.237.35,Santa Lucía,1472537032,Tongan
310,Sandra,Gray,sgray8l@bigcartel.com,Female,91.89.211.55,Zuobude,1474463825,Yuman
311,Virginia,Edwards,vedwards8m@github.com,Female,78.85.77.248,Daugai,1467720752,Asian
312,William,Sanders,wsanders8n@slideshare.net,Male,10.244.198.218,Härnösand,1446886721,Pima
313,Melissa,Hart,mhart8o@hugedomains.com,Female,221.198.85.53,Dianwan,1456398886,Costa Rican
314,Antonio,Mccoy,amccoy8p@google.ca,Male,13.206.46.225,Luchegorsk,1452749848,Polynesian
315,Jean,Torres,jtorres8q@shop-pro.jp,Female,51.255.188.24,Mosteiro,1479998701,Lumbee
316,Jimmy,Stephens,jstephens8r@hugedomains.com,Male,177.44.122.29,Borås,1460933882,Honduran
317,Jane,Mason,jmason8s@bing.com,Female,213.222.201.47,Banjar Dauhpura,1453027442,Costa Rican
318,Andrea,Cook,acook8t@homestead.com,Female,250.181.50.79,Crespo,1452381663,Salvadoran
319,Kevin,Robinson,krobinson8u@gmpg.org,Male,219.208.51.252,Tupanciretã,1458799313,Hmong
320,Emily,Hill,ehill8v@ucsd.edu,Female,150.35.67.124,Oripää,1480297068,Native Hawaiian
321,Carl,Fox,cfox8w@msu.edu,Male,153.78.123.99,Xinbu,1478264333,Malaysian
322,Jane,Meyer,jmeyer8x@arizona.edu,Female,128.96.50.22,Adstock,1452497520,American Indian and Alaska Native (AIAN)
323,Jesse,West,jwest8y@mashable.com,Male,88.60.73.177,Sedatigede,1467754304,Paiute
324,Dennis,Garza,dgarza8z@live.com,Male,3.17.115.130,Lumbatan,1452640531,Cuban
325,Adam,Cooper,acooper90@stanford.edu,Male,122.108.36.1,Jiancheng,1455565236,Filipino
326,Billy,Dixon,bdixon91@networkadvertising.org,Male,98.97.89.241,Haoxinying,1462926570,Eskimo
327,Rose,Webb,rwebb92@photobucket.com,Female,52.122.30.112,Patabog,1446092284,Guamanian
328,Philip,Morris,pmorris93@diigo.com,Male,176.26.55.45,Mosteiros,1461793829,Chilean
329,Albert,White,awhite94@gov.uk,Male,103.89.203.194,Koten,1476710905,Samoan
330,Amy,Nelson,anelson95@jugem.jp,Female,53.166.46.88,São Fidélis,1477213737,White
331,Theresa,Reyes,treyes96@lycos.com,Female,148.93.7.164,Řečany nad Labem,1448187182,Sri Lankan
332,Diana,Castillo,dcastillo97@noaa.gov,Female,228.6.57.43,Vurğun,1474293356,Comanche
333,Dorothy,Fox,dfox98@google.co.jp,Female,165.207.53.175,Hājīganj,1480361224,Costa Rican
334,Harry,Daniels,hdaniels99@dyndns.org,Male,180.247.232.185,Paris La Défense,1456359264,Eskimo
335,Randy,Day,rday9a@netlog.com,Male,227.29.30.246,Almeria,1462734607,Tongan
336,Anna,Mason,amason9b@desdev.cn,Female,196.0.214.12,Tieling,1439329441,Nicaraguan
337,Betty,Thompson,bthompson9c@timesonline.co.uk,Female,225.11.152.162,Boulogne-Billancourt,1441339740,Chamorro
338,Lori,Washington,lwashington9d@loc.gov,Female,247.122.204.42,Miętne,1465627754,Cambodian
339,Doris,Little,dlittle9e@odnoklassniki.ru,Female,148.141.13.86,Jamundí,1476358932,Bolivian
340,Dorothy,Armstrong,darmstrong9f@bloglovin.com,Female,99.26.48.187,Gaocang,1462185943,Guatemalan
341,Robin,Burton,rburton9g@slideshare.net,Female,43.130.179.46,Šenov,1466716865,Micronesian
342,Bonnie,Rose,brose9h@odnoklassniki.ru,Female,30.241.170.168,La Cueva,1461011016,Sioux
343,Nicole,Duncan,nduncan9i@unesco.org,Female,251.85.177.225,Tucson,1464276415,Houma
344,Willie,Bradley,wbradley9j@washingtonpost.com,Male,126.132.62.130,Yanaul,1447116460,Navajo
345,Stephanie,Pierce,spierce9k@forbes.com,Female,235.73.189.187,Flic en Flac,1475617634,Melanesian
346,Roy,Moreno,rmoreno9l@google.es,Male,132.29.9.116,Charleston,1478604808,Bangladeshi
347,Alice,Lane,alane9m@columbia.edu,Female,28.142.225.240,Viale,1440829892,Alaska Native
348,Alan,Johnson,ajohnson9n@netvibes.com,Male,132.56.199.17,Dhankutā,1438456831,Pakistani
349,Mark,Montgomery,mmontgomery9o@zdnet.com,Male,74.81.205.29,Guadalupe,1467970819,Malaysian
350,Nicole,Flores,nflores9p@simplemachines.org,Female,15.188.147.222,Maiorca,1460886474,Creek
351,Philip,Powell,ppowell9q@nhs.uk,Male,88.247.78.124,Balneário Camboriú,1478088871,Eskimo
352,Ruby,Perry,rperry9r@infoseek.co.jp,Female,148.223.168.82,Bagansiapiapi,1474578874,Salvadoran
353,Martin,Roberts,mroberts9s@cmu.edu,Male,140.90.243.233,Yinla,1438193666,Guatemalan
354,Douglas,Stephens,dstephens9t@wiley.com,Male,172.162.126.167,Rudong,1439060734,Yakama
355,George,Holmes,gholmes9u@so-net.ne.jp,Male,186.209.50.228,Zaragoza,1453920427,Guamanian
356,Irene,Murphy,imurphy9v@pen.io,Female,145.21.22.214,Xiaxi,1442062504,Ute
357,Jacqueline,Reid,jreid9w@bloomberg.com,Female,234.21.249.135,Sunja,1448713266,Native Hawaiian and Other Pacific Islander (NHPI)
358,Paula,Dixon,pdixon9x@bandcamp.com,Female,75.110.119.147,Cabog,1449367626,Melanesian
359,Julie,Moreno,jmoreno9y@cafepress.com,Female,164.137.179.75,Maştağa,1475462382,Argentinian
360,Carolyn,Mccoy,cmccoy9z@slideshare.net,Female,222.52.94.118,Cajolá,1476528445,Chickasaw
361,Shawn,Gilbert,sgilberta0@foxnews.com,Male,4.7.99.105,Staré Město,1464656128,Tohono O'Odham
362,Billy,Graham,bgrahama1@google.es,Male,91.49.253.16,Sbo’o,1463499639,Apache
363,Steve,Ward,swarda2@topsy.com,Male,37.143.164.6,Vithkuq,1476416025,Yakama
364,Amy,Grant,agranta3@163.com,Female,113.180.93.40,Dadian,1475552949,Salvadoran
365,Christina,Knight,cknighta4@t-online.de,Female,232.8.221.212,Chimboy Shahri,1446393334,Blackfeet
366,Lori,Carpenter,lcarpentera5@usda.gov,Female,213.177.229.217,Ventersdorp,1476273249,Micronesian
367,Norma,Harper,nharpera6@scientificamerican.com,Female,39.117.166.58,Kyegegwa,1459910020,Alaskan Athabascan
368,Kathy,Ross,krossa7@gnu.org,Female,141.24.24.36,Kafr az Zayyāt,1461451960,Apache
369,Larry,Watson,lwatsona8@qq.com,Male,111.157.234.12,Preston,1459729305,Central American
370,Walter,Stephens,wstephensa9@cafepress.com,Male,76.146.153.107,Ban Lam Luk Ka,1478238168,Yakama
371,Emily,Allen,eallenaa@clickbank.net,Female,235.137.69.202,Igurubi,1452086559,Cree
372,Brenda,Carroll,bcarrollab@nydailynews.com,Female,166.234.49.181,Da’an,1470530479,Eskimo
373,Ann,Bradley,abradleyac@smugmug.com,Female,193.194.46.117,Rancagua,1480052797,Venezuelan
374,Samuel,Nichols,snicholsad@google.com.hk,Male,176.136.233.166,Ciilat,1455233809,Ecuadorian
375,Eric,Sanders,esandersae@infoseek.co.jp,Male,188.255.12.75,Acopiara,1472487831,American Indian and Alaska Native (AIAN)
376,Martin,Cox,mcoxaf@zdnet.com,Male,212.99.91.49,Da’an,1458744785,Argentinian
377,Raymond,Pierce,rpierceag@barnesandnoble.com,Male,108.18.146.168,Xilai,1464705068,Crow
378,Richard,Hunt,rhuntah@psu.edu,Male,77.170.149.181,Tchaourou,1452115955,Vietnamese
379,Diane,Hart,dhartai@springer.com,Female,226.27.89.196,Pacora,1452195497,Paiute
380,Willie,Olson,wolsonaj@boston.com,Male,145.122.123.11,Quận Tân Phú,1468229815,Comanche
381,Nicole,Garrett,ngarrettak@google.ru,Female,188.198.196.90,Sabana Grande,1436746733,Uruguayan
382,Alan,Chapman,achapmanal@dyndns.org,Male,109.85.150.202,Camalote,1448502584,Houma
383,Virginia,Weaver,vweaveram@artisteer.com,Female,71.51.248.176,David,1445503821,Thai
384,Jack,Parker,jparkeran@yolasite.com,Male,6.174.183.90,Gamut,1459275075,Chinese
385,Frank,Jacobs,fjacobsao@pagesperso-orange.fr,Male,165.182.24.196,Besuk Selatan,1479690377,Yuman
386,Randy,Ramos,rramosap@webmd.com,Male,209.55.52.35,Dibulla,1471063577,Paraguayan
387,Jane,Bowman,jbowmanaq@smugmug.com,Female,35.115.158.143,Talibura,1466506421,Panamanian
388,Harold,Mitchell,hmitchellar@gravatar.com,Male,190.66.168.168,Szelków,1479017715,Kiowa
389,Michael,Garza,mgarzaas@sbwire.com,Male,34.253.214.51,Pedro Sánchez,1478949194,Potawatomi
390,Julie,Spencer,jspencerat@tumblr.com,Female,233.144.78.108,Hongqi,1468977758,Pima
391,Phyllis,Hart,phartau@godaddy.com,Female,78.110.196.40,Asahi,1465361509,Costa Rican
392,Todd,Bowman,tbowmanav@timesonline.co.uk,Male,242.230.101.98,Mlowo,1478424991,Eskimo
393,Amy,Payne,apayneaw@businesswire.com,Female,131.127.9.225,Bang Klam,1442419139,Cherokee
394,Judy,Peterson,jpetersonax@businesswire.com,Female,195.156.131.235,Krông Kmar,1444358663,Dominican (Dominican Republic)
395,Terry,King,tkingay@lycos.com,Male,152.157.242.147,Lyasny,1475707486,Malaysian
396,Terry,Robertson,trobertsonaz@nifty.com,Male,169.165.130.16,Boxholm,1474177511,Cherokee
397,Lisa,Cunningham,lcunninghamb0@fema.gov,Female,182.147.214.177,Lisičani,1436579829,Indonesian
398,Justin,Bryant,jbryantb1@bandcamp.com,Male,224.48.82.188,Eindhoven,1457108161,Guamanian
399,Kelly,Hughes,khughesb2@vinaora.com,Female,10.147.216.119,Alah Sāy,1459959260,Panamanian
400,Cynthia,Gonzalez,cgonzalezb3@chronoengine.com,Female,67.115.123.191,Lālmohan,1463151156,Polynesian
401,Betty,Wood,bwoodb4@zimbio.com,Female,91.7.245.143,Taodian,1468745197,Chilean
402,Jeffrey,Perkins,jperkinsb5@freewebs.com,Male,164.171.10.136,Wenxian Chengguanzhen,1457940512,Navajo
403,Samuel,Stevens,sstevensb6@goodreads.com,Male,23.5.76.234,Bonebone,1447431955,Paraguayan
404,Laura,Stewart,lstewartb7@alibaba.com,Female,147.241.11.191,Shawan,1450079863,Iroquois
405,Earl,Robinson,erobinsonb8@prlog.org,Male,209.130.166.97,Bačka Palanka,1439630950,Colombian
406,Mary,Gutierrez,mgutierrezb9@nature.com,Female,190.112.85.233,Veles,1454412723,Kiowa
407,Henry,Phillips,hphillipsba@over-blog.com,Male,224.193.176.141,Liulihe,1476673422,Cheyenne
408,Ruby,Bowman,rbowmanbb@facebook.com,Female,128.7.165.143,Shkotovo,1458879578,Bangladeshi
409,Tammy,Martin,tmartinbc@forbes.com,Female,54.130.45.36,Monte Santo de Minas,1466283123,Guatemalan
410,Jane,Olson,jolsonbd@last.fm,Female,78.209.140.193,Casal dos Bernardos,1464907108,Kiowa
411,Eric,Coleman,ecolemanbe@flickr.com,Male,144.11.111.168,Kájov,1450603062,Seminole
412,Patrick,Martin,pmartinbf@un.org,Male,85.243.104.170,Villa Paula de Sarmiento,1467497435,Chamorro
413,Rose,Montgomery,rmontgomerybg@photobucket.com,Female,243.112.6.231,Naushahro Fīroz,1463400255,Paiute
414,Lawrence,Daniels,ldanielsbh@xinhuanet.com,Male,160.151.180.114,Stockholm,1468474025,Colville
415,Ralph,Patterson,rpattersonbi@businessweek.com,Male,36.122.236.73,Lisewo Malborskie,1463774956,Chamorro
416,Frances,Martinez,fmartinezbj@edublogs.org,Female,183.98.232.82,Dabancheng,1445624353,Pakistani
417,Samuel,Rodriguez,srodriguezbk@instagram.com,Male,37.82.229.225,Fonte da Vaca,1478832926,Peruvian
418,Joan,Turner,jturnerbl@dailymail.co.uk,Female,6.142.208.141,Chadian,1437266320,Salvadoran
419,Alice,Russell,arussellbm@flavors.me,Female,129.16.94.116,Lin’an,1467278532,Honduran
420,Gerald,Cruz,gcruzbn@tripadvisor.com,Male,209.171.232.35,Jin’e,1466408289,Laotian
421,Phyllis,Hall,phallbo@dyndns.org,Female,17.63.122.23,Shakhun’ya,1473609339,Choctaw
422,Tammy,Jackson,tjacksonbp@slashdot.org,Female,157.149.155.39,Al ‘Āqir,1447327167,Malaysian
423,Melissa,Fowler,mfowlerbq@free.fr,Female,211.63.107.86,Lingkou,1458631358,Yakama
424,Martha,Gray,mgraybr@1und1.de,Female,249.222.249.224,Ancol,1470702811,Yuman
425,Harold,Shaw,hshawbs@intel.com,Male,9.174.169.173,Benito Juarez,1449716736,Black or African American
426,Tammy,Hamilton,thamiltonbt@yandex.ru,Female,208.99.198.113,Xagmakajor,1458125329,Micronesian
427,Debra,Fisher,dfisherbu@irs.gov,Female,56.17.192.152,Montreuil,1442962567,Cree
428,Teresa,White,twhitebv@cbc.ca,Female,196.238.139.18,Mŭglizh,1457861390,Colombian
429,Sarah,Carpenter,scarpenterbw@walmart.com,Female,101.35.222.30,Chimichagua,1457243602,Pakistani
430,Joyce,Robertson,jrobertsonbx@sciencedaily.com,Female,206.144.109.246,Hrazdan,1479337323,Navajo
431,Jose,Harrison,jharrisonby@163.com,Male,116.58.31.1,Teroual,1466480943,Paraguayan
432,Rebecca,Jones,rjonesbz@msn.com,Female,238.8.7.186,Alderetes,1451994907,Nicaraguan
433,Joyce,Daniels,jdanielsc0@nationalgeographic.com,Female,220.11.41.87,Riachão do Jacuípe,1444975828,American Indian and Alaska Native (AIAN)
434,Joe,Cook,jcookc1@salon.com,Male,16.147.142.123,Stamford,1442540581,Peruvian
435,Christine,Russell,crussellc2@chronoengine.com,Female,106.39.161.229,Nangela,1469427021,Alaskan Athabascan
436,Ronald,Nelson,rnelsonc3@dell.com,Male,146.58.161.167,Bolyarovo,1465243628,American Indian
437,Richard,Bennett,rbennettc4@scribd.com,Male,191.10.188.215,Rayevskiy,1452086722,Houma
438,Dennis,Welch,dwelchc5@indiegogo.com,Male,211.202.1.38,Koszyce Wielkie,1468368268,Chilean
439,Kevin,Welch,kwelchc6@sogou.com,Male,150.42.249.96,Xuyong,1471062297,Hmong
440,Alan,Moore,amoorec7@ebay.co.uk,Male,104.41.149.236,Delft,1443977454,Bangladeshi
441,Janice,Marshall,jmarshallc8@aboutads.info,Female,248.139.144.85,Decatur,1476420423,Colombian
442,Donald,Cox,dcoxc9@chronoengine.com,Male,202.170.162.240,Leńcze,1479845641,Navajo
443,Bruce,Greene,bgreeneca@plala.or.jp,Male,67.82.148.29,Kyzylzhar,1473017060,Osage
444,Ernest,Willis,ewilliscb@dropbox.com,Male,78.208.109.89,Youlan,1460192309,Tohono O'Odham
445,Michelle,Dunn,mdunncc@twitpic.com,Female,179.62.76.94,Mogotes,1445388232,Paraguayan
446,Jack,Richardson,jrichardsoncd@google.com.hk,Male,55.207.107.181,Stockholm,1453781371,Spaniard
447,Nicole,Andrews,nandrewsce@quantcast.com,Female,77.75.176.255,Cilangkap,1443019068,Argentinian
448,Irene,Rodriguez,irodriguezcf@google.com.au,Female,186.17.55.197,Pengchang,1440868385,Bolivian
449,Larry,Ramirez,lramirezcg@pinterest.com,Male,120.24.8.217,Pasar,1466166359,Osage
450,Karen,Sanders,ksandersch@gmpg.org,Female,150.166.44.135,Āsmār,1456241118,Peruvian
451,Craig,Gordon,cgordonci@amazon.co.jp,Male,167.240.50.46,Almirante,1474777352,Malaysian
452,Tammy,Johnston,tjohnstoncj@naver.com,Female,118.244.222.24,Acaraú,1456879939,Asian Indian
453,Theresa,Frazier,tfrazierck@japanpost.jp,Female,84.64.56.191,Wakayama-shi,1463944338,Venezuelan
454,Jean,Shaw,jshawcl@discovery.com,Female,39.55.222.146,Dizangué,1450848957,Bangladeshi
455,Steve,Morgan,smorgancm@cam.ac.uk,Male,235.152.169.76,Marija Bistrica,1462710308,Indonesian
456,Johnny,Cox,jcoxcn@businessinsider.com,Male,139.75.140.159,Zhuge,1439015530,Paraguayan
457,Ralph,Miller,rmillerco@army.mil,Male,38.244.225.254,Prey Veng,1460809823,Costa Rican
458,Jerry,Foster,jfostercp@dmoz.org,Male,43.85.24.124,Rosario,1460387844,Indonesian
459,Roger,Gutierrez,rgutierrezcq@ucoz.ru,Male,128.129.188.66,Jeminay,1440099059,Venezuelan
460,Nicole,Gonzalez,ngonzalezcr@imgur.com,Female,3.116.72.6,Kertanegla,1439465593,Dominican (Dominican Republic)
461,Joyce,Hunter,jhuntercs@statcounter.com,Female,175.181.187.214,H̱olon,1476520606,Korean
462,Daniel,Cruz,dcruzct@time.com,Male,134.168.61.10,Bakıxanov,1464559139,Aleut
463,Todd,Woods,twoodscu@reddit.com,Male,153.59.113.178,Quixadá,1465715699,Black or African American
464,Susan,Morales,smoralescv@state.tx.us,Female,231.145.98.90,Waiwukak,1448916942,Menominee
465,Andrew,Burke,aburkecw@wikia.com,Male,134.9.154.128,Söderköping,1456609308,Guamanian
466,Bruce,Johnston,bjohnstoncx@mozilla.org,Male,47.46.37.96,Marília,1446120868,Central American
467,Sarah,Howard,showardcy@va.gov,Female,92.234.61.3,Noveleta,1442174029,Guamanian
468,Jane,Davis,jdaviscz@ucsd.edu,Female,97.17.17.228,Priob’ye,1455074220,Shoshone
469,Ruth,Burton,rburtond0@clickbank.net,Female,242.15.34.104,Allealle,1453648649,Pueblo
470,Lisa,Greene,lgreened1@businessinsider.com,Female,12.209.109.189,Kodinsk,1470264481,Puget Sound Salish
471,Norma,Reid,nreidd2@macromedia.com,Female,203.249.243.35,Jinxiang,1464182613,Ecuadorian
472,Raymond,Bailey,rbaileyd3@last.fm,Male,220.166.101.110,Jasionów,1445241451,Yuman
473,Christina,Ross,crossd4@census.gov,Female,47.189.181.213,Al Ain,1470672769,Chinese
474,Judy,Austin,jaustind5@wired.com,Female,224.246.81.108,Talangbetutu,1471976753,Hmong
475,Joshua,Freeman,jfreemand6@booking.com,Male,113.41.217.255,Porsgrunn,1458330636,Taiwanese
476,Benjamin,Sullivan,bsullivand7@wiley.com,Male,182.35.100.133,Kokar,1452204050,Chinese
477,Stephen,Watkins,swatkinsd8@sbwire.com,Male,120.151.1.141,Velingrad,1442632310,Bolivian
478,John,Grant,jgrantd9@abc.net.au,Male,103.54.27.210,Hongsung,1464291483,Chinese
479,John,Allen,jallenda@ustream.tv,Male,161.250.206.191,Vuzenica,1468848332,Black or African American
480,Janice,Fowler,jfowlerdb@ifeng.com,Female,90.250.47.188,Takai,1468094135,Hmong
481,Andrew,Marshall,amarshalldc@businessinsider.com,Male,50.54.205.122,Qinghaihu,1478577170,Laotian
482,Jane,Torres,jtorresdd@simplemachines.org,Female,107.109.135.251,Dampol,1456848092,South American
483,Julia,Hayes,jhayesde@wix.com,Female,122.217.228.202,Pouso Alegre,1436667517,Menominee
484,Kathy,Dunn,kdunndf@nps.gov,Female,35.225.57.23,Djohong,1440364093,Venezuelan
485,Elizabeth,Patterson,epattersondg@ucsd.edu,Female,40.243.193.215,Zhangshui,1447844269,Asian Indian
486,Lillian,Gordon,lgordondh@domainmarket.com,Female,123.253.210.175,Sukaraja,1453394082,Pueblo
487,Debra,Moore,dmooredi@timesonline.co.uk,Female,254.59.55.97,Borås,1441677175,Spaniard
488,Theresa,Cooper,tcooperdj@npr.org,Female,142.121.22.219,Palangan,1439928322,Asian
489,Sandra,Murphy,smurphydk@github.com,Female,173.109.88.107,Chaparral,1455734881,Kiowa
490,Denise,Reid,dreiddl@scribd.com,Female,79.78.92.46,Lephalale,1449741233,Chinese
491,Dorothy,Alvarez,dalvarezdm@google.ru,Female,104.44.160.12,Azinhal,1438148357,Chilean
492,Alice,Campbell,acampbelldn@google.co.uk,Female,170.245.248.107,Arneiro,1439779515,Latin American Indian
493,Barbara,Lynch,blynchdo@webmd.com,Female,209.244.214.254,Ribeiro,1462431008,Delaware
494,Donna,Carr,dcarrdp@phpbb.com,Female,56.16.151.217,Concórdia,1479550542,Cambodian
495,Barbara,Miller,bmillerdq@prweb.com,Female,131.167.150.76,Gjilan,1445219140,American Indian
496,Brian,Brooks,bbrooksdr@ezinearticles.com,Male,36.45.110.244,Głuchów,1469964076,Tohono O'Odham
497,Brenda,Young,byoungds@theglobeandmail.com,Female,57.234.213.249,Vaggeryd,1478332208,Delaware
498,Anna,Richards,arichardsdt@columbia.edu,Female,8.230.167.48,Montería,1468531669,Iroquois
499,Teresa,Thomas,tthomasdu@bbc.co.uk,Female,122.236.87.184,Bridgetown,1465434106,Yaqui
500,Carol,Smith,csmithdv@census.gov,Female,88.106.168.15,Nankeng,1470741027,Uruguayan
501,Daniel,Mcdonald,dmcdonalddw@rediff.com,Male,149.66.235.58,Planken,1440374799,Cheyenne
502,Juan,Banks,jbanksdx@slideshare.net,Male,169.109.241.250,Maragogipe,1442658269,Cherokee
503,Benjamin,Torres,btorresdy@skype.com,Male,91.41.118.215,Kutapanjang,1444467268,Chippewa
504,Diana,Richards,drichardsdz@theguardian.com,Female,99.225.134.20,Prigi,1478504971,Navajo
505,Douglas,Patterson,dpattersone0@unblog.fr,Male,50.33.186.49,Yedogon,1449853255,Honduran
506,Helen,Schmidt,hschmidte1@mozilla.com,Female,183.34.222.215,Grigiškės,1454581848,Menominee
507,Robert,Willis,rwillise2@google.com.br,Male,53.66.179.122,Benito Juarez,1455969940,Native Hawaiian and Other Pacific Islander (NHPI)
508,Sean,Gonzales,sgonzalese3@nps.gov,Male,114.6.94.198,Tebingtinggi,1470949796,Asian Indian
509,Charles,Olson,colsone4@cmu.edu,Male,85.197.173.1,Banana Village,1445290961,Pakistani
510,Kathy,Gonzales,kgonzalese5@ucla.edu,Female,170.216.90.73,Taklale,1475728072,Asian
511,Judith,Torres,jtorrese6@storify.com,Female,239.172.203.67,Mekarsari,1476187686,Lumbee
512,Ralph,Hicks,rhickse7@amazon.de,Male,220.181.231.251,Manyava,1475375899,Yaqui
513,Kathy,Rodriguez,krodrigueze8@spotify.com,Female,108.83.18.169,Peseng,1456774407,Asian Indian
514,Craig,Harrison,charrisone9@kickstarter.com,Male,3.217.217.56,Divača,1472417526,Cherokee
515,Aaron,Porter,aporterea@examiner.com,Male,118.218.173.200,Bergen op Zoom,1477139731,Lumbee
516,Victor,Morrison,vmorrisoneb@skyrock.com,Male,66.4.119.162,Jabon,1471973997,South American
517,Todd,Weaver,tweaverec@cyberchimps.com,Male,158.34.188.170,Ogod,1444317430,Kiowa
518,Jean,Cox,jcoxed@gov.uk,Female,27.132.247.19,Chochkan,1476035398,Pakistani
519,Jeremy,Howard,jhowardee@cloudflare.com,Male,79.144.210.113,Bosanski Šamac,1443389306,Apache
520,Roger,Spencer,rspenceref@wsj.com,Male,234.236.133.96,Sosnovoborsk,1463419905,Bangladeshi
521,Amanda,Ramos,aramoseg@imageshack.us,Female,182.186.46.144,Kuala Terengganu,1442273430,Cuban
522,Catherine,Morris,cmorriseh@cocolog-nifty.com,Female,240.37.202.109,Oster,1456448668,Black or African American
523,Paul,Griffin,pgriffinei@adobe.com,Male,39.62.98.206,Yucheng,1436712510,Puerto Rican
524,Richard,Fisher,rfisherej@biglobe.ne.jp,Male,15.136.255.0,Carreira,1444790320,Ecuadorian
525,Craig,Anderson,candersonek@hud.gov,Male,10.75.154.148,Hesi,1441569887,Native Hawaiian and Other Pacific Islander (NHPI)
526,Carolyn,Simpson,csimpsonel@uol.com.br,Female,174.173.35.204,Portel,1478535037,Blackfeet
527,Kevin,Elliott,kelliottem@geocities.com,Male,116.57.141.8,Caihua,1471576813,Panamanian
528,Howard,Rose,hroseen@marriott.com,Male,122.45.137.59,Seso,1446376970,Yaqui
529,Henry,Ramirez,hramirezeo@prlog.org,Male,47.139.158.211,Guiping,1464848364,Cuban
530,Irene,Hansen,ihansenep@hexun.com,Female,111.71.253.90,Kadubincarung,1449341639,Guamanian
531,Albert,Armstrong,aarmstrongeq@cornell.edu,Male,196.252.98.134,Oslo,1472797965,Puerto Rican
532,Ernest,Kim,ekimer@issuu.com,Male,157.239.73.106,Ancona,1439978334,Yakama
533,John,Murray,jmurrayes@squidoo.com,Male,50.225.194.172,Maputo,1474101023,Colville
534,Dorothy,White,dwhiteet@godaddy.com,Female,255.63.26.107,Nuamuzi,1459488454,Pima
535,Billy,Hudson,bhudsoneu@webmd.com,Male,117.67.127.23,Caujul,1478220964,Aleut
536,Fred,Alvarez,falvarezev@ocn.ne.jp,Male,78.199.27.40,Romanovo,1445078547,Seminole
537,Michelle,Sims,msimsew@cbsnews.com,Female,20.112.147.199,Lagoaça,1436637095,Japanese
538,Bruce,Olson,bolsonex@theguardian.com,Male,171.58.128.145,Larache,1461086544,Venezuelan
539,Julia,Shaw,jshawey@taobao.com,Female,254.149.105.139,Jīsh,1467626624,Pima
540,Aaron,Wood,awoodez@forbes.com,Male,3.222.157.122,Huangcai,1440223111,Chilean
541,Joe,Green,jgreenf0@ihg.com,Male,152.69.11.196,Binitinan,1479769078,Asian
542,Frank,Welch,fwelchf1@joomla.org,Male,61.154.246.189,Guanaja,1478622851,Costa Rican
543,Harold,Riley,hrileyf2@webnode.com,Male,224.81.180.186,Inashiki,1463546781,Tlingit-Haida
544,Billy,Hamilton,bhamiltonf3@hc360.com,Male,200.75.17.107,Ulimonong,1446911113,Chilean
545,Kathryn,Bell,kbellf4@sfgate.com,Female,231.115.60.215,Lindavista,1478652906,Bolivian
546,Joseph,Fields,jfieldsf5@noaa.gov,Male,176.205.138.35,Kuhmo,1463411147,Cheyenne
547,Paula,Hunt,phuntf6@hugedomains.com,Female,242.69.71.1,Strellc i Ulët,1437248780,Alaska Native
548,Jane,Ray,jrayf7@liveinternet.ru,Female,254.76.198.204,Jagdaqi,1477526433,Creek
549,Christine,Nelson,cnelsonf8@bizjournals.com,Female,50.246.155.70,Rochester,1473735294,Taiwanese
550,Ruth,Wright,rwrightf9@sitemeter.com,Female,173.200.206.224,Dingle,1473337067,Paraguayan
551,Carl,Hunter,chunterfa@wp.com,Male,99.238.175.164,Mount Ayliff,1458633093,Yuman
552,Anne,Holmes,aholmesfb@google.pl,Female,201.206.123.90,Hägersten,1477732758,Taiwanese
553,Sharon,Welch,swelchfc@sogou.com,Female,19.176.89.17,Bizana,1465144735,Delaware
554,Charles,Perry,cperryfd@behance.net,Male,159.170.137.16,Paris 17,1465267289,Micronesian
555,Scott,Taylor,staylorfe@hugedomains.com,Male,180.129.21.200,Zhireken,1477279534,Chinese
556,Donald,Ellis,dellisff@ox.ac.uk,Male,126.161.154.117,Junín,1441476376,Salvadoran
557,Jennifer,Chavez,jchavezfg@facebook.com,Female,138.190.23.148,Gaotuo,1479657243,Cheyenne
558,Justin,Cruz,jcruzfh@ed.gov,Male,79.70.157.190,Parengan,1467335908,Potawatomi
559,Lori,Frazier,lfrazierfi@engadget.com,Female,199.9.167.174,Shishang,1446198642,Tongan
560,George,Cox,gcoxfj@diigo.com,Male,86.149.207.46,Mixco,1449237549,American Indian
561,Albert,Mendoza,amendozafk@storify.com,Male,32.27.112.226,Nachalovo,1441619887,Seminole
562,Nancy,Tucker,ntuckerfl@arizona.edu,Female,181.26.52.0,Lentisqueira,1444535796,Apache
563,Larry,Olson,lolsonfm@sohu.com,Male,221.158.13.108,Évreux,1451255745,Samoan
564,Rebecca,Chapman,rchapmanfn@stanford.edu,Female,98.128.221.45,Mauraro,1471103206,Cambodian
565,Judith,Hicks,jhicksfo@dot.gov,Female,145.247.160.168,Santa Eulalia,1463285537,Venezuelan
566,Randy,Hicks,rhicksfp@storify.com,Male,245.57.112.118,Rublëvo,1445752581,Iroquois
567,David,Fox,dfoxfq@prlog.org,Male,78.89.38.239,Asyūţ,1443499329,Japanese
568,Ryan,Austin,raustinfr@state.gov,Male,164.134.135.128,Bulakbanjar,1439595208,Pakistani
569,Justin,Crawford,jcrawfordfs@earthlink.net,Male,101.91.0.255,Ponong,1443227902,Paraguayan
570,Frances,Reynolds,freynoldsft@usatoday.com,Female,77.170.65.21,Teongtoda,1478911611,Chamorro
571,Helen,Sanchez,hsanchezfu@netlog.com,Female,185.228.170.135,Hecun,1444653160,Honduran
572,Rose,Daniels,rdanielsfv@tripadvisor.com,Female,235.80.233.253,Janowice,1452994162,Apache
573,Arthur,Lawson,alawsonfw@ox.ac.uk,Male,177.161.242.39,Blagoevgrad,1473945678,Guamanian
574,Janet,Peters,jpetersfx@google.cn,Female,63.213.53.202,Zhob,1471746937,Kiowa
575,Betty,Price,bpricefy@163.com,Female,26.201.221.187,Vancouver,1444407756,Blackfeet
576,Phyllis,Jones,pjonesfz@huffingtonpost.com,Female,24.73.209.127,Stuttgart,1460417036,Mexican
577,Shirley,Perry,sperryg0@baidu.com,Female,90.74.91.167,Sekolan,1462461687,Comanche
578,Daniel,Powell,dpowellg1@bloglovin.com,Male,164.92.164.113,Yantal’,1461036859,Comanche
579,Christine,Crawford,ccrawfordg2@eepurl.com,Female,147.151.90.229,Végueta,1466912534,Polynesian
580,Helen,Armstrong,harmstrongg3@surveymonkey.com,Female,46.209.118.49,Serednye Vodyane,1475359355,Navajo
581,Tammy,Robertson,trobertsong4@alexa.com,Female,231.231.65.221,Castries,1437013239,Honduran
582,Lori,Montgomery,lmontgomeryg5@topsy.com,Female,219.225.178.210,Zhaitou,1449005216,Menominee
583,Bobby,Cunningham,bcunninghamg6@usnews.com,Male,252.190.183.46,Tangub,1462842602,Tlingit-Haida
584,Mildred,Howard,mhowardg7@diigo.com,Female,166.142.143.156,Prochnookopskaya,1469270050,Hmong
585,Charles,Moore,cmooreg8@techcrunch.com,Male,127.174.41.211,Shaxi,1450391381,Honduran
586,Lillian,Wagner,lwagnerg9@youtube.com,Female,8.117.141.168,Tungi,1456498172,Alaskan Athabascan
587,Jennifer,James,jjamesga@godaddy.com,Female,242.246.203.216,Zhaoxiang,1444066613,Cheyenne
588,Robert,Martinez,rmartinezgb@nyu.edu,Male,223.109.61.64,Eirunepé,1450782773,Hmong
589,Jerry,Riley,jrileygc@blogspot.com,Male,187.34.31.187,Tycheró,1451317316,Cree
590,Karen,Pierce,kpiercegd@google.com.hk,Female,29.24.138.153,Topdac,1465937167,Chamorro
591,Charles,Griffin,cgriffinge@google.it,Male,150.100.158.112,Mandera,1440158048,Laotian
592,Jimmy,Black,jblackgf@moonfruit.com,Male,218.17.44.48,Binulasan,1441106854,Cherokee
593,Ernest,Watson,ewatsongg@house.gov,Male,233.249.193.239,Fuente de Oro,1457081493,Yakama
594,David,Martinez,dmartinezgh@archive.org,Male,207.206.76.175,Cergy-Pontoise,1443317915,Tlingit-Haida
595,Ryan,Stanley,rstanleygi@cafepress.com,Male,99.141.56.34,Xibali,1473573878,Argentinian
596,Gloria,Ruiz,gruizgj@aol.com,Female,123.209.95.254,Suru,1448038541,Eskimo
597,Ronald,Thompson,rthompsongk@joomla.org,Male,129.59.194.252,Nedryhayliv,1436687750,Chilean
598,Michelle,Duncan,mduncangl@tamu.edu,Female,229.28.245.147,Ljubuški,1439289081,Vietnamese
599,Catherine,Berry,cberrygm@skype.com,Female,162.131.48.77,Broto,1447878417,Yakama
600,Frank,Reed,freedgn@mapy.cz,Male,190.233.122.178,Belajen,1442140010,Nicaraguan
601,Tammy,Young,tyounggo@google.ca,Female,48.83.107.109,Benoy,1469459816,Paraguayan
602,Teresa,Warren,twarrengp@irs.gov,Female,225.178.77.41,Kishi,1465783581,Nicaraguan
603,Rachel,Stanley,rstanleygq@ask.com,Female,4.64.69.71,Soubré,1468103673,Native Hawaiian
604,William,King,wkinggr@addtoany.com,Male,140.221.107.114,Wierzawice,1442561030,Pima
605,Jack,Lawrence,jlawrencegs@pinterest.com,Male,23.245.103.251,Rio Verde de Mato Grosso,1438669777,Spaniard
606,Brenda,Matthews,bmatthewsgt@alibaba.com,Female,190.58.90.235,Marseille,1448777119,Japanese
607,Julie,Morrison,jmorrisongu@msu.edu,Female,51.183.96.24,Sakété,1473327422,Blackfeet
608,Todd,Lopez,tlopezgv@patch.com,Male,12.247.56.21,Hyesan-si,1437189233,Mexican
609,Joyce,Mills,jmillsgw@howstuffworks.com,Female,116.226.31.175,La Loma,1474413285,Thai
610,Ruth,Phillips,rphillipsgx@over-blog.com,Female,149.206.39.108,Néa Karváli,1453140944,Yakama
611,Denise,Gomez,dgomezgy@barnesandnoble.com,Female,166.14.207.145,Al Nashmah,1452474056,Tohono O'Odham
612,Lois,Henry,lhenrygz@mac.com,Female,97.80.224.210,Manalongon,1451573342,Chickasaw
613,Wayne,Hayes,whayesh0@scientificamerican.com,Male,194.215.50.74,Itapetininga,1438390553,Cree
614,Julie,Graham,jgrahamh1@ycombinator.com,Female,72.128.15.192,Göteborg,1453735599,Pakistani
615,Sara,Castillo,scastilloh2@opera.com,Female,143.232.55.231,Lazarevac,1453950473,Pima
616,Janet,Torres,jtorresh3@un.org,Female,170.47.193.37,Tabou,1450181618,Paiute
617,Edward,Fisher,efisherh4@usnews.com,Male,91.79.103.162,Kawangu Satu,1456316227,Choctaw
618,Laura,Ferguson,lfergusonh5@cisco.com,Female,58.39.62.74,Ryczów,1459557347,American Indian
619,Pamela,Ramirez,pramirezh6@deliciousdays.com,Female,149.221.154.47,Athmuqam,1455904721,Salvadoran
620,Maria,Little,mlittleh7@wikia.com,Female,121.58.141.201,Katrineholm,1460578055,Laotian
621,Jeffrey,Cruz,jcruzh8@foxnews.com,Male,60.46.253.75,Bieliny,1474131182,Panamanian
622,Wanda,Hill,whillh9@hp.com,Female,157.165.121.157,Thị Trấn Na Sầm,1442898164,South American
623,Jean,Kennedy,jkennedyha@sourceforge.net,Female,189.130.145.212,Al Qaryatayn,1447772633,Aleut
624,Earl,Shaw,eshawhb@surveymonkey.com,Male,1.57.186.127,Pelym,1476149962,Thai
625,Clarence,Jacobs,cjacobshc@un.org,Male,23.225.91.156,Sukakarya,1456139153,Indonesian
626,Edward,Sanders,esandershd@about.me,Male,118.127.147.16,Franca,1440428413,Tlingit-Haida
627,Diana,Duncan,dduncanhe@europa.eu,Female,253.86.65.170,Xiangzhu,1460956034,Kiowa
628,Gloria,Green,ggreenhf@irs.gov,Female,5.222.44.107,La Estrella,1461562029,Cree
629,Norma,Jones,njoneshg@csmonitor.com,Female,32.145.76.120,Labuan,1478271235,Cheyenne
630,Howard,Ellis,hellishh@e-recht24.de,Male,245.109.133.143,Yangsi,1437303595,Indonesian
631,Kathy,Cook,kcookhi@xing.com,Female,247.31.216.16,Tournon-sur-Rhône,1473453322,Colville
632,Scott,Gonzales,sgonzaleshj@mlb.com,Male,115.0.38.34,Pitumarca,1438890283,Taiwanese
633,Rebecca,Weaver,rweaverhk@so-net.ne.jp,Female,1.8.189.17,Pilang,1480046556,Argentinian
634,Michael,Washington,mwashingtonhl@dot.gov,Male,139.245.125.0,Reno,1440805861,Cree
635,Steve,Cook,scookhm@upenn.edu,Male,243.15.4.250,Сарај,1463986636,Chickasaw
636,Carlos,Lewis,clewishn@nps.gov,Male,141.100.190.39,Huaiya,1437370561,Pakistani
637,Ralph,Fernandez,rfernandezho@feedburner.com,Male,96.106.242.16,Málaga,1438527948,Yakama
638,Amanda,Ramos,aramoshp@indiatimes.com,Female,235.142.36.134,Guanshan,1437488498,South American
639,Stephanie,Davis,sdavishq@sogou.com,Female,176.234.222.124,Alençon,1478881450,Chilean
640,Carlos,Tucker,ctuckerhr@photobucket.com,Male,126.127.36.112,Lapaz,1452099761,Cuban
641,Nancy,Gonzales,ngonzaleshs@guardian.co.uk,Female,192.160.26.60,Bissau,1480461367,Sioux
642,Amanda,Dunn,adunnht@facebook.com,Female,194.184.163.12,Kochani,1475215252,American Indian
643,Fred,Gray,fgrayhu@huffingtonpost.com,Male,159.141.236.101,Ketapang,1449725203,Uruguayan
644,James,Chavez,jchavezhv@technorati.com,Male,79.26.142.151,Alejo Ledesma,1468927435,Ute
645,Lillian,Meyer,lmeyerhw@merriam-webster.com,Female,91.208.164.108,Wangpu,1455974968,Black or African American
646,Martha,Freeman,mfreemanhx@domainmarket.com,Female,16.188.177.247,Ijuw,1470255373,Spaniard
647,Juan,Reyes,jreyeshy@seattletimes.com,Male,156.78.4.94,Hino,1455235258,Shoshone
648,Nancy,Welch,nwelchhz@dropbox.com,Female,176.88.191.66,Shuimen,1471179951,Chinese
649,Amanda,Meyer,ameyeri0@microsoft.com,Female,66.71.216.62,Anse Royale,1479212288,Osage
650,Teresa,Little,tlittlei1@whitehouse.gov,Female,221.27.177.218,Tampa,1477875496,Panamanian
651,Wayne,Frazier,wfrazieri2@alibaba.com,Male,92.20.57.196,Abastumani,1457200672,Black or African American
652,Patricia,Ramos,pramosi3@cdbaby.com,Female,252.44.17.175,Mosul,1480019316,Panamanian
653,Paul,Wells,pwellsi4@fastcompany.com,Male,101.203.183.199,Luzhai,1469207061,Delaware
654,Albert,Johnston,ajohnstoni5@flavors.me,Male,2.253.177.220,Cabannungan Second,1476708862,Houma
655,Benjamin,Taylor,btaylori6@gravatar.com,Male,131.238.216.80,Osnabrück,1465301103,Seminole
656,Robin,Ross,rrossi7@reuters.com,Female,194.61.100.198,Przeworsk,1472816256,Kiowa
657,Cynthia,Peters,cpetersi8@cdbaby.com,Female,235.48.64.163,Lamut,1465645519,Colombian
658,Russell,Nguyen,rnguyeni9@usgs.gov,Male,86.129.252.11,Wangong,1474532165,Vietnamese
659,Justin,Elliott,jelliottia@toplist.cz,Male,196.211.221.250,Bakersfield,1438555901,Sri Lankan
660,Charles,Burke,cburkeib@unesco.org,Male,57.66.129.218,Villeneuve-d'Ascq,1457844709,Black or African American
661,Jose,Perkins,jperkinsic@indiegogo.com,Male,196.156.69.169,Shixi,1443087607,Bolivian
662,Terry,Gonzales,tgonzalesid@sitemeter.com,Male,131.197.152.161,Ocongate,1438343913,American Indian and Alaska Native (AIAN)
663,Jacqueline,Jacobs,jjacobsie@google.cn,Female,211.40.85.2,Ravānsar,1464982144,Houma
664,Jose,Owens,jowensif@google.co.uk,Male,61.241.6.145,Mont-Tremblant,1475873001,Cherokee
665,David,Ryan,dryanig@naver.com,Male,18.21.109.80,Kotkot,1473143975,Iroquois
666,Andrea,Perkins,aperkinsih@mit.edu,Female,99.148.51.72,Rasskazovo,1448779235,Black or African American
667,Shawn,Murray,smurrayii@123-reg.co.uk,Male,18.233.142.185,Kuybyshevo,1468683976,Samoan
668,Susan,Franklin,sfranklinij@pbs.org,Female,84.136.124.58,Ébolowa,1438778110,Native Hawaiian
669,Jonathan,Castillo,jcastilloik@g.co,Male,142.225.67.111,Zarqa,1471127091,Choctaw
670,Benjamin,Robertson,brobertsonil@a8.net,Male,5.17.151.117,Cayambe,1452640487,Central American
671,Julie,Barnes,jbarnesim@usa.gov,Female,176.178.4.104,Louisville,1471897836,Pima
672,Wayne,Wright,wwrightin@edublogs.org,Male,146.85.168.192,Qigzhi,1437033934,Paraguayan
673,Jose,Pierce,jpierceio@sohu.com,Male,110.15.42.205,Dębowiec,1479015388,Eskimo
674,Randy,Bradley,rbradleyip@ebay.co.uk,Male,128.21.83.84,Olszówka,1466137673,Honduran
675,Jacqueline,Stanley,jstanleyiq@admin.ch,Female,126.145.173.22,Stari Grad,1476914080,Thai
676,Melissa,Henry,mhenryir@paypal.com,Female,119.15.43.204,Richmond,1450071813,Pueblo
677,Philip,Gray,pgrayis@4shared.com,Male,169.167.201.123,Amnat Charoen,1439170327,American Indian
678,Louise,Scott,lscottit@pbs.org,Female,213.60.55.254,Sison,1471877318,American Indian
679,Cynthia,Rodriguez,crodrigueziu@feedburner.com,Female,226.133.88.224,Cabuyaro,1460012053,Bolivian
680,Albert,Cox,acoxiv@comsenz.com,Male,83.132.112.165,Cigembong,1469465659,Kiowa
681,Johnny,Rivera,jriveraiw@yandex.ru,Male,255.12.151.156,Liujiage,1452134387,Sri Lankan
682,Margaret,Austin,maustinix@businessinsider.com,Female,160.203.16.173,Radeče,1462668522,Ottawa
683,Martha,Fuller,mfulleriy@archive.org,Female,100.209.4.185,Niederanven,1439456573,Crow
684,Martha,Larson,mlarsoniz@google.pl,Female,114.231.148.30,Sakai,1442631022,Yuman
685,Patricia,Peterson,ppetersonj0@weebly.com,Female,84.123.139.13,Phatthalung,1466768625,Samoan
686,Wayne,Stewart,wstewartj1@fema.gov,Male,98.11.39.171,Ijebu-Ife,1471410647,Blackfeet
687,Gregory,Hughes,ghughesj2@tmall.com,Male,42.93.165.228,Jardin,1455615274,Yaqui
688,Robin,Butler,rbutlerj3@storify.com,Female,82.43.227.231,Fier,1457135055,Latin American Indian
689,Laura,Ramos,lramosj4@phoca.cz,Female,22.161.191.150,Bourg-en-Bresse,1469127352,South American
690,Wanda,Welch,wwelchj5@mac.com,Female,137.33.149.33,Washington,1457407789,Delaware
691,Anna,Bishop,abishopj6@ftc.gov,Female,90.12.221.220,Dong Liang’erzhuang,1479324126,Dominican (Dominican Republic)
692,Victor,Wells,vwellsj7@mail.ru,Male,99.160.39.87,Rancasadang,1478983843,Cree
693,Margaret,Garza,mgarzaj8@4shared.com,Female,201.8.60.13,Cazin,1474968394,Fijian
694,Jane,Richards,jrichardsj9@springer.com,Female,245.141.177.123,Natal,1478734855,Seminole
695,Jesse,Lee,jleeja@gov.uk,Male,86.248.36.66,Anju,1470328084,White
696,Anne,Andrews,aandrewsjb@pagesperso-orange.fr,Female,95.86.44.134,Béré,1446326418,American Indian
697,Johnny,Turner,jturnerjc@cnet.com,Male,57.13.76.21,Penaraga,1480184522,American Indian and Alaska Native (AIAN)
698,Jacqueline,Porter,jporterjd@vinaora.com,Female,75.116.103.154,Kasui,1474547289,South American
699,Irene,Williams,iwilliamsje@fda.gov,Female,221.71.230.81,Mloko,1474471337,White
700,Sandra,Warren,swarrenjf@is.gd,Female,183.108.15.242,Ughelli,1462234497,Aleut
701,Harold,Cox,hcoxjg@quantcast.com,Male,248.235.45.32,Barkly East,1461460540,Menominee
702,Helen,Rice,hricejh@360.cn,Female,19.139.164.31,Södertälje,1470910152,Puerto Rican
703,Henry,Hanson,hhansonji@histats.com,Male,42.12.64.141,Krasnokholmskiy,1466099454,Sri Lankan
704,Keith,Wells,kwellsjj@alexa.com,Male,204.143.42.58,Rosso,1451421109,Lumbee
705,Justin,Gonzalez,jgonzalezjk@reference.com,Male,40.121.65.101,Dodoma,1465617888,Cherokee
706,Jason,James,jjamesjl@canalblog.com,Male,163.55.77.140,San Julian,1473224473,Cuban
707,Linda,Burns,lburnsjm@ezinearticles.com,Female,202.29.91.113,Uvarovo,1461106061,Chickasaw
708,Carol,Campbell,ccampbelljn@ucsd.edu,Female,191.119.199.220,Jindong,1461050373,Ottawa
709,Kathleen,Kelley,kkelleyjo@chron.com,Female,209.159.164.198,Quimilí,1441126172,Central American
710,Nicholas,Moreno,nmorenojp@twitter.com,Male,116.110.236.101,Pedaringan,1442776384,Uruguayan
711,Philip,Fernandez,pfernandezjq@ow.ly,Male,24.250.235.145,Oktyabr’skiy,1456262155,Choctaw
712,Anna,Gibson,agibsonjr@imdb.com,Female,101.206.52.44,Donji Vakuf,1458641188,Laotian
713,Gloria,Scott,gscottjs@hc360.com,Female,253.35.200.172,Río Blanco,1466319264,Houma
714,Wayne,Olson,wolsonjt@dyndns.org,Male,185.25.12.52,Xincheng,1439182490,Cambodian
715,Larry,Kennedy,lkennedyju@sina.com.cn,Male,56.33.251.5,General Luna,1466441901,Black or African American
716,Edward,Scott,escottjv@sogou.com,Male,216.16.156.253,Ciudad Sandino,1451085913,Ute
717,Debra,Bennett,dbennettjw@japanpost.jp,Female,135.166.223.42,Basel,1460170265,Navajo
718,Teresa,Shaw,tshawjx@icio.us,Female,216.40.209.239,Barra Cheia,1442069959,Pima
719,Richard,Murphy,rmurphyjy@chron.com,Male,193.235.203.218,Sanchahe,1450879967,Argentinian
720,Daniel,Porter,dporterjz@photobucket.com,Male,79.15.106.215,Loen,1466970328,Shoshone
721,Sarah,Gordon,sgordonk0@cloudflare.com,Female,134.0.212.218,Pandat,1438604493,Honduran
722,Chris,Johnson,cjohnsonk1@de.vu,Male,177.69.63.212,Beaverlodge,1440328653,Peruvian
723,Linda,Rogers,lrogersk2@bluehost.com,Female,37.213.130.194,Carrefour,1450364335,Tohono O'Odham
724,Scott,Wells,swellsk3@netscape.com,Male,182.47.18.212,Bayart Huxu,1476680802,Tlingit-Haida
725,Clarence,Welch,cwelchk4@yellowpages.com,Male,69.162.105.214,Syamzha,1441148899,Asian
726,Lisa,Patterson,lpattersonk5@businessinsider.com,Female,212.237.41.98,Cabriz,1477011481,Cambodian
727,Douglas,Fisher,dfisherk6@yahoo.co.jp,Male,208.99.231.222,Chunxi,1440335974,Comanche
728,Jane,Smith,jsmithk7@usda.gov,Female,128.148.45.98,Sokol’niki,1453146760,Polynesian
729,Eric,Rose,erosek8@storify.com,Male,254.72.54.66,Ellös,1454238168,Guatemalan
730,Dorothy,Cook,dcookk9@noaa.gov,Female,159.220.149.255,Nukuoro,1469395541,Ute
731,Brian,Nguyen,bnguyenka@senate.gov,Male,147.97.16.37,Bell Ville,1472557675,Honduran
732,Wayne,Mcdonald,wmcdonaldkb@illinois.edu,Male,186.201.86.154,Melun,1473516352,Iroquois
733,Earl,Sanchez,esanchezkc@joomla.org,Male,213.142.131.152,Manacapuru,1456932106,Mexican
734,Paul,Wells,pwellskd@diigo.com,Male,137.24.214.175,Anávra,1462858141,Samoan
735,Shawn,Stewart,sstewartke@so-net.ne.jp,Male,162.182.173.97,Dabu,1478347064,Chickasaw
736,Adam,White,awhitekf@parallels.com,Male,51.85.234.90,Pangapisan,1446107117,Nicaraguan
737,Anna,Gray,agraykg@yellowpages.com,Female,33.82.79.138,Santa Teresita,1448394436,Bolivian
738,Michelle,Perry,mperrykh@imageshack.us,Female,187.36.83.98,Trafaria,1440998085,Bangladeshi
739,Patrick,Lynch,plynchki@squidoo.com,Male,210.0.190.148,Pasanggrahan,1470555359,Blackfeet
740,Anthony,Castillo,acastillokj@ox.ac.uk,Male,109.184.216.139,Souq Larb’a al Gharb,1471647861,Cree
741,Jimmy,Simmons,jsimmonskk@amazon.co.uk,Male,112.211.109.200,Kikerino,1437723794,Chilean
742,Amanda,Richards,arichardskl@dot.gov,Female,195.250.10.55,Ayo,1452547671,Paraguayan
743,Stephanie,Peters,speterskm@webmd.com,Female,170.52.155.249,Pajannangger,1439002546,Japanese
744,Peter,Stone,pstonekn@slate.com,Male,198.10.154.141,San Vicente,1456083982,South American
745,Lisa,King,lkingko@microsoft.com,Female,82.133.86.171,Licuan,1476318749,Eskimo
746,Ernest,Carr,ecarrkp@meetup.com,Male,55.51.133.138,Zghartā,1453526616,Nicaraguan
747,Mary,Martinez,mmartinezkq@home.pl,Female,211.102.35.166,Jiangduo,1438305996,Colville
748,Melissa,Bell,mbellkr@eventbrite.com,Female,0.87.133.182,Bangus Kulon,1460339761,Samoan
749,Jesse,Hunt,jhuntks@fema.gov,Male,106.72.164.117,Kudang,1458057700,Kiowa
750,Harold,Sims,hsimskt@dmoz.org,Male,6.78.201.67,Åtvidaberg,1459962670,Houma
751,Carol,Stevens,cstevensku@goo.gl,Female,144.22.120.112,Mamedkala,1457954133,Korean
752,Catherine,Price,cpricekv@google.es,Female,41.206.184.34,Mamonovo,1474960861,Micronesian
753,Alan,Gray,agraykw@canalblog.com,Male,9.9.236.197,San Rafael,1454965511,Cuban
754,Jonathan,Turner,jturnerkx@1688.com,Male,25.148.24.84,Chalamarca,1442939872,Choctaw
755,Frank,Graham,fgrahamky@utexas.edu,Male,200.65.5.237,Xianyi,1476106103,Yuman
756,Laura,James,ljameskz@tmall.com,Female,19.165.86.82,Borovikha,1471087177,Cuban
757,Diane,Pierce,dpiercel0@google.fr,Female,197.8.132.208,Kouvola,1456329694,Alaska Native
758,Robert,Wallace,rwallacel1@wp.com,Male,60.28.113.161,Itatinga,1470833862,Sioux
759,Anne,Morgan,amorganl2@reddit.com,Female,25.15.117.86,Washington,1472180773,Eskimo
760,Albert,Thomas,athomasl3@google.de,Male,48.118.14.240,Laspezia,1474164262,Yaqui
761,Scott,Bradley,sbradleyl4@paypal.com,Male,179.15.180.245,Ocongate,1462934805,Black or African American
762,Wayne,Rodriguez,wrodriguezl5@theglobeandmail.com,Male,209.251.239.245,Ystad,1464125330,Kiowa
763,Samuel,Bennett,sbennettl6@weebly.com,Male,227.59.199.248,Sheki,1445746855,Alaska Native
764,Rachel,Riley,rrileyl7@samsung.com,Female,250.217.203.228,Pyšely,1477068188,Central American
765,Roger,Garrett,rgarrettl8@digg.com,Male,85.228.111.48,Lebu,1469266625,Salvadoran
766,Andrew,Brooks,abrooksl9@howstuffworks.com,Male,150.166.35.218,Pokrovskoye-Streshnëvo,1449779633,Argentinian
767,Randy,Elliott,relliottla@free.fr,Male,156.39.185.203,Vitry-le-François,1469073965,Osage
768,Philip,Carroll,pcarrolllb@goodreads.com,Male,248.171.164.214,Ocote Paulino,1453840115,Asian
769,Gary,Harvey,gharveylc@odnoklassniki.ru,Male,144.216.224.38,Cawayan,1466667425,Paiute
770,Melissa,Flores,mfloresld@wisc.edu,Female,131.128.183.43,Volgograd,1444465727,White
771,Ann,Green,agreenle@wunderground.com,Female,163.99.16.221,Prelog,1445770478,Honduran
772,Timothy,Johnston,tjohnstonlf@who.int,Male,246.71.41.131,Chenhu,1457778797,Comanche
773,Virginia,Moore,vmoorelg@scribd.com,Female,115.2.160.72,Szynwałd,1452193518,Salvadoran
774,Matthew,Warren,mwarrenlh@cdbaby.com,Male,105.64.211.227,Jinji,1443265745,Sioux
775,Henry,Cole,hcoleli@opensource.org,Male,179.36.61.10,Osnabrück,1438839844,Colville
776,Richard,Gutierrez,rgutierrezlj@rediff.com,Male,172.204.183.26,Sérifos,1466344995,Dominican (Dominican Republic)
777,Sean,Sanders,ssanderslk@yahoo.co.jp,Male,220.7.213.137,Ciangir,1456682802,Asian Indian
778,Benjamin,Jones,bjonesll@pbs.org,Male,17.240.78.32,Arari,1478635538,Yuman
779,Kathleen,Dunn,kdunnlm@blogtalkradio.com,Female,0.231.85.61,Ramotswa,1473738199,Dominican (Dominican Republic)
780,Jason,Williams,jwilliamsln@g.co,Male,3.134.195.35,Campos Gerais,1438456893,Yaqui
781,Joe,Wilson,jwilsonlo@gmpg.org,Male,44.250.142.254,Nikol’skoye,1448272668,Panamanian
782,Arthur,Torres,atorreslp@bluehost.com,Male,27.13.219.227,León,1437364585,Puget Sound Salish
783,Billy,Owens,bowenslq@arizona.edu,Male,32.189.219.32,Siaya,1455115222,Vietnamese
784,Lori,Perkins,lperkinslr@blogtalkradio.com,Female,197.58.235.110,Saryg-Sep,1444117577,Paiute
785,Diane,Nichols,dnicholsls@shareasale.com,Female,206.195.22.4,Quxia,1456205117,Pueblo
786,Bobby,Kennedy,bkennedylt@time.com,Male,177.184.87.22,Bakar,1453188966,Iroquois
787,Brandon,Little,blittlelu@csmonitor.com,Male,132.147.137.39,Santa Catalina Norte,1436715362,Melanesian
788,Jerry,Washington,jwashingtonlv@irs.gov,Male,138.52.13.9,Wādī al ‘Uyūn,1479175440,Colville
789,Ryan,Cooper,rcooperlw@rediff.com,Male,219.207.211.240,Gemo,1450353424,Costa Rican
790,Ronald,Rogers,rrogerslx@ucoz.ru,Male,30.164.84.144,Daoukro,1460023151,Micronesian
791,Adam,Robinson,arobinsonly@amazon.de,Male,206.31.131.106,Nankengzi,1454042860,Crow
792,Joan,Morales,jmoraleslz@cafepress.com,Female,133.107.98.157,Pariaman,1467159887,White
793,Diana,Cooper,dcooperm0@apache.org,Female,161.0.127.151,Grootfontein,1461619891,Kiowa
794,Janice,Ryan,jryanm1@bbc.co.uk,Female,172.119.12.16,Nanmo,1453817941,Micronesian
795,Diane,Matthews,dmatthewsm2@telegraph.co.uk,Female,153.58.170.36,Lalībela,1458816810,Black or African American
796,Catherine,Marshall,cmarshallm3@indiatimes.com,Female,238.30.41.135,Mojimán,1454009349,Asian
797,Daniel,Bailey,dbaileym4@google.es,Male,106.162.52.96,Houston,1461171571,White
798,Chris,Arnold,carnoldm5@washingtonpost.com,Male,94.40.188.196,Babakanlapang,1439722063,Ottawa
799,Louis,Stevens,lstevensm6@live.com,Male,9.187.220.202,Fier,1449493938,Native Hawaiian and Other Pacific Islander (NHPI)
800,Katherine,Howell,khowellm7@about.com,Female,163.240.78.30,Gelang,1474313679,Hmong
801,Peter,Stephens,pstephensm8@linkedin.com,Male,119.119.153.58,San Carlos,1449674014,Seminole
802,Julie,Peters,jpetersm9@histats.com,Female,30.225.139.64,Pātan,1470098478,Asian Indian
803,Harold,Wagner,hwagnerma@ucla.edu,Male,22.173.191.148,Omaha,1462520975,Malaysian
804,Brian,Bishop,bbishopmb@ebay.co.uk,Male,195.20.234.46,Manaulanan,1463419931,Choctaw
805,Kathy,Richards,krichardsmc@list-manage.com,Female,115.96.71.166,Nishio,1467991497,Latin American Indian
806,John,Long,jlongmd@xinhuanet.com,Male,190.205.141.202,Ryczów,1458633616,Cree
807,Louis,Hayes,lhayesme@mtv.com,Male,215.249.49.23,Moulay Bouchta,1442547239,Puget Sound Salish
808,Jonathan,Alvarez,jalvarezmf@deliciousdays.com,Male,118.138.227.249,Xinxiang,1452729634,Bolivian
809,Joyce,Perry,jperrymg@prlog.org,Female,106.62.41.58,Jajce,1466920553,Kiowa
810,Peter,Wright,pwrightmh@howstuffworks.com,Male,177.40.103.32,Mikhaylovsk,1438956194,Tlingit-Haida
811,Larry,Weaver,lweavermi@tinyurl.com,Male,35.85.176.51,Amagi,1468879070,Puget Sound Salish
812,Ryan,Howell,rhowellmj@economist.com,Male,235.241.222.4,Kafr Sawm,1465074859,Aleut
813,Albert,Dixon,adixonmk@phpbb.com,Male,50.111.162.81,Bamban,1442466102,Houma
814,Sarah,Moreno,smorenoml@yale.edu,Female,40.164.70.189,Arbais,1475780268,Shoshone
815,Martha,Hanson,mhansonmm@tripadvisor.com,Female,201.184.250.69,Kobyzhcha,1437962822,Lumbee
816,Victor,Jenkins,vjenkinsmn@eventbrite.com,Male,236.141.87.80,Rongxiang,1474928064,Eskimo
817,Pamela,Williams,pwilliamsmo@google.com.br,Female,161.160.103.212,Breves,1451019646,Cherokee
818,Sean,Cole,scolemp@ucla.edu,Male,125.76.178.161,Judita,1455689424,Cheyenne
819,Amanda,Little,alittlemq@wufoo.com,Female,224.209.32.222,Cimuncang,1470721119,Chinese
820,Rebecca,Carter,rcartermr@hexun.com,Female,185.149.222.215,Inongo,1438728333,Cheyenne
821,Debra,Hayes,dhayesms@ucsd.edu,Female,29.117.31.193,Bambas,1467615869,Salvadoran
822,Helen,Powell,hpowellmt@angelfire.com,Female,242.170.8.221,Situbondo,1441526515,Central American
823,Lori,Mills,lmillsmu@diigo.com,Female,164.235.237.4,Shenavan,1450637856,Apache
824,Patrick,Dixon,pdixonmv@discovery.com,Male,192.159.201.150,Grindavík,1442829065,Tlingit-Haida
825,Virginia,Duncan,vduncanmw@bloglovin.com,Female,235.30.178.67,Boissevain,1447576729,Chickasaw
826,Jane,Hart,jhartmx@imdb.com,Female,116.144.7.26,Kachia,1440231089,Korean
827,Michael,Davis,mdavismy@google.com,Male,246.183.60.111,Vangaindrano,1450730933,Cheyenne
828,Emily,James,ejamesmz@mapy.cz,Female,213.89.103.142,Sangatta,1454059436,Colombian
829,Michael,Evans,mevansn0@wikia.com,Male,162.37.229.94,Belén de Umbría,1438070997,South American
830,Jennifer,Young,jyoungn1@apache.org,Female,216.25.212.196,Debrecen,1454313353,Nicaraguan
831,Rebecca,Brooks,rbrooksn2@printfriendly.com,Female,241.194.191.89,Stuttgart,1441402202,Hmong
832,Marilyn,Andrews,mandrewsn3@ebay.com,Female,218.231.225.162,Dzhayrakh,1478993100,Eskimo
833,Heather,Marshall,hmarshalln4@sciencedirect.com,Female,44.241.106.85,Áyioi Apóstoloi,1446639000,Bolivian
834,Jennifer,Dean,jdeann5@jimdo.com,Female,246.154.36.224,Shangani,1444954875,Malaysian
835,Debra,Hall,dhalln6@about.me,Female,186.90.9.208,Jifarong,1455188895,Taiwanese
836,Alan,Jones,ajonesn7@tripod.com,Male,173.198.190.207,Lingkou,1439382969,Central American
837,Ruby,Gonzales,rgonzalesn8@woothemes.com,Female,251.173.171.172,Oklahoma City,1476844920,Honduran
838,Jonathan,Diaz,jdiazn9@gizmodo.com,Male,16.189.65.187,Maunggora,1469483511,Menominee
839,Carl,Harvey,charveyna@free.fr,Male,250.147.128.240,Thị Trấn Thất Khê,1460074043,Chilean
840,Lisa,Spencer,lspencernb@pbs.org,Female,163.121.192.243,Hexi,1467196190,Crow
841,Billy,Vasquez,bvasqueznc@cdc.gov,Male,86.16.160.138,Gao’an,1437008118,Pima
842,Katherine,Burns,kburnsnd@nydailynews.com,Female,32.103.171.170,Los Ángeles,1459608500,Crow
843,Thomas,Walker,twalkerne@google.co.uk,Male,198.235.63.74,Ḩarīb,1467769085,Yakama
844,Timothy,Snyder,tsnydernf@skyrock.com,Male,114.24.254.0,Meijiang,1455331177,Tongan
845,Deborah,Owens,dowensng@engadget.com,Female,168.223.121.133,Kunsan,1459902494,Aleut
846,Daniel,Adams,dadamsnh@ebay.co.uk,Male,90.29.177.177,Dębów,1455169492,Cree
847,Gary,Sanchez,gsanchezni@dropbox.com,Male,204.122.130.42,Marco,1464113662,South American
848,Samuel,Bell,sbellnj@nhs.uk,Male,1.194.225.166,Pensacola,1462522018,Chilean
849,Lillian,Harvey,lharveynk@jalbum.net,Female,185.121.113.126,Santo Tomas,1454717384,Central American
850,Randy,Dean,rdeannl@posterous.com,Male,56.18.225.250,Koba,1444919081,Guamanian
851,Gerald,Wagner,gwagnernm@princeton.edu,Male,68.88.72.99,Hengtanggang,1468825534,Bolivian
852,Christine,Martin,cmartinnn@abc.net.au,Female,198.37.223.91,Kherson,1446073417,Dominican (Dominican Republic)
853,Jessica,Ferguson,jfergusonno@friendfeed.com,Female,45.115.189.26,Svitlovods’k,1445235669,American Indian
854,Doris,Graham,dgrahamnp@cnn.com,Female,0.123.28.137,Zhonghouhe,1451409018,Shoshone
855,Joseph,Ramos,jramosnq@google.co.uk,Male,109.79.12.181,Toulouse,1477107525,White
856,Sarah,Lawrence,slawrencenr@reuters.com,Female,140.29.119.179,Gaohe,1473491899,Chinese
857,Albert,Wheeler,awheelerns@lulu.com,Male,254.163.199.150,Newton,1444500624,Thai
858,Carl,Burns,cburnsnt@netscape.com,Male,219.133.246.242,Weiguo,1471478969,Spaniard
859,Randy,Lopez,rlopeznu@dropbox.com,Male,71.21.218.136,Palayan City,1441040238,Houma
860,Christine,Sanchez,csancheznv@woothemes.com,Female,99.211.88.184,Al Qadarif,1469310054,Tohono O'Odham
861,Joe,Little,jlittlenw@a8.net,Male,106.26.49.118,Tinawagan,1465923513,Melanesian
862,Adam,Webb,awebbnx@g.co,Male,97.247.163.40,Danderyd,1475720781,Bangladeshi
863,Melissa,Kelly,mkellyny@cocolog-nifty.com,Female,246.57.145.151,Myitkyina,1474752887,Puerto Rican
864,Jessica,Ferguson,jfergusonnz@army.mil,Female,83.31.240.109,Dayuanhuizu,1451095011,Bolivian
865,Robin,Jones,rjoneso0@bigcartel.com,Female,187.142.107.152,Cirahab,1437107700,Yaqui
866,Sandra,Roberts,srobertso1@earthlink.net,Female,39.16.204.190,Noemuti,1471423184,Chippewa
867,Kenneth,Dixon,kdixono2@hhs.gov,Male,176.50.204.76,Alto del Espino,1460829118,Houma
868,Marie,Jones,mjoneso3@last.fm,Female,105.73.185.32,Kashmor,1466816352,Comanche
869,Jonathan,Snyder,jsnydero4@amazon.com,Male,1.136.127.23,Malimaneek,1437105129,Salvadoran
870,Bobby,Rodriguez,brodriguezo5@army.mil,Male,26.146.144.205,Kurungannyawa,1448350057,Spaniard
871,Steven,Matthews,smatthewso6@salon.com,Male,42.33.108.66,Petit Raffray,1452766060,Kiowa
872,Angela,Stone,astoneo7@walmart.com,Female,87.207.236.22,Leeuwarden,1438477016,Melanesian
873,Joshua,Foster,jfostero8@freewebs.com,Male,165.70.220.208,Willowdale,1454631325,Alaska Native
874,Gerald,Robinson,grobinsono9@ft.com,Male,167.200.180.90,Nevers,1459239232,Cree
875,Margaret,Hughes,mhughesoa@ocn.ne.jp,Female,44.122.1.87,Omaha,1468999224,Aleut
876,Nancy,Martin,nmartinob@bizjournals.com,Female,62.138.212.42,Konobeyevo,1451644959,Samoan
877,Deborah,Rodriguez,drodriguezoc@e-recht24.de,Female,128.219.206.14,Koshigaya,1469501105,Cree
878,Helen,Reid,hreidod@123-reg.co.uk,Female,67.105.223.211,Aheloy,1454549565,Chamorro
879,Steven,Bryant,sbryantoe@jalbum.net,Male,142.16.158.75,Lincheng,1450018470,Japanese
880,Henry,Sims,hsimsof@si.edu,Male,135.226.140.138,Estelí,1439899057,Chickasaw
881,Eric,Hamilton,ehamiltonog@wikia.com,Male,130.5.137.132,Sabanalarga,1441602056,Apache
882,Wanda,Ellis,wellisoh@microsoft.com,Female,185.225.135.167,Bududa,1475454004,Spaniard
883,Melissa,Gutierrez,mgutierrezoi@devhub.com,Female,88.181.63.196,Pampa de los Guanacos,1441466542,Nicaraguan
884,Katherine,Jones,kjonesoj@opensource.org,Female,37.162.190.86,Sult,1447886198,Dominican (Dominican Republic)
885,Paul,Porter,pporterok@networkadvertising.org,Male,197.78.164.27,Kudang,1450743524,Alaska Native
886,Billy,Thomas,bthomasol@rambler.ru,Male,184.39.70.98,Dingdian,1457196663,Puerto Rican
887,Sharon,Cook,scookom@unc.edu,Female,184.128.87.140,Ostrzeszów,1466203357,Houma
888,Patricia,Montgomery,pmontgomeryon@nba.com,Female,120.9.116.85,Joroan,1449666789,Tlingit-Haida
889,Bonnie,Hanson,bhansonoo@google.cn,Female,4.90.26.183,Tuymazy,1462925637,Bangladeshi
890,David,Carr,dcarrop@addthis.com,Male,252.167.113.105,Larvik,1460390579,Potawatomi
891,Jane,Nguyen,jnguyenoq@umich.edu,Female,153.31.145.231,Yang Chum Noi,1480432500,American Indian
892,Jack,Phillips,jphillipsor@tripadvisor.com,Male,234.76.8.253,Neuilly-sur-Marne,1456212779,Salvadoran
893,Denise,Campbell,dcampbellos@wikispaces.com,Female,173.24.59.1,Ludu,1444944603,Native Hawaiian and Other Pacific Islander (NHPI)
894,Eugene,Welch,ewelchot@accuweather.com,Male,53.75.245.50,Géfyra,1437914815,Colville
895,Dorothy,Hanson,dhansonou@etsy.com,Female,32.32.164.165,Kihurio,1441736114,Ecuadorian
896,Bruce,Kelley,bkelleyov@hao123.com,Male,115.9.221.122,Mont-Dore,1455491115,Puerto Rican
897,Irene,Burton,iburtonow@microsoft.com,Female,221.18.161.75,Nunsena,1471137770,Vietnamese
898,Barbara,Warren,bwarrenox@weebly.com,Female,216.77.105.63,Olympia,1453839918,Asian Indian
899,Laura,Lawson,llawsonoy@ebay.com,Female,112.33.41.8,Urjala,1468536827,Delaware
900,Melissa,Myers,mmyersoz@rakuten.co.jp,Female,81.203.82.15,Morshansk,1455161451,Panamanian
901,Heather,Ramirez,hramirezp0@patch.com,Female,5.219.2.202,Tokmok,1452755418,Peruvian
902,Jane,Peters,jpetersp1@skype.com,Female,42.222.140.29,Purabaya,1446061444,Puerto Rican
903,Sarah,Weaver,sweaverp2@baidu.com,Female,77.214.23.50,Nanggewer,1441673698,Central American
904,Jennifer,Bradley,jbradleyp3@independent.co.uk,Female,124.255.147.128,Cabcaben,1459706790,Pueblo
905,Louise,Gutierrez,lgutierrezp4@adobe.com,Female,6.143.55.123,Bowen Island,1450088215,Tongan
906,Gloria,Spencer,gspencerp5@skyrock.com,Female,159.2.170.70,Gongping,1455651895,Cree
907,Patrick,Nelson,pnelsonp6@e-recht24.de,Male,47.18.252.149,Barvinkove,1457100156,Fijian
908,Marie,Vasquez,mvasquezp7@businessinsider.com,Female,90.24.217.89,Mautapaga Bawah,1440618144,Kiowa
909,Anna,Bailey,abaileyp8@i2i.jp,Female,102.44.210.197,Sabhā,1469371993,Pima
910,Rebecca,Cox,rcoxp9@joomla.org,Female,26.27.189.122,Saint-Félicien,1467701748,Sioux
911,Lori,Ferguson,lfergusonpa@i2i.jp,Female,179.223.40.56,Nanjing,1438606883,Korean
912,Jose,Reyes,jreyespb@ftc.gov,Male,66.33.225.168,Šmartno pri Litiji,1462045056,Ute
913,Christine,Johnston,cjohnstonpc@discuz.net,Female,117.13.150.159,Uthai Thani,1441765162,Korean
914,Dorothy,Franklin,dfranklinpd@amazon.de,Female,227.251.172.58,Kantharalak,1464628106,Tohono O'Odham
915,Frank,Moore,fmoorepe@stanford.edu,Male,51.254.147.130,Bombardopolis,1442087332,Black or African American
916,Carolyn,Diaz,cdiazpf@parallels.com,Female,156.231.202.47,Khurriānwāla,1458364756,Chickasaw
917,Kimberly,Lawrence,klawrencepg@unblog.fr,Female,11.19.238.116,Riung,1439402224,Malaysian
918,Howard,Hunter,hhunterph@army.mil,Male,177.49.153.92,Pyetrykaw,1450011833,Central American
919,Jose,Moreno,jmorenopi@lycos.com,Male,23.191.142.30,Atawutung,1464362894,Panamanian
920,Fred,Reid,freidpj@dailymail.co.uk,Male,83.209.11.208,Nariño,1478090091,Osage
921,Kimberly,Fox,kfoxpk@usatoday.com,Female,23.177.130.194,Wiphawadi,1441258814,Paiute
922,Patricia,Campbell,pcampbellpl@nature.com,Female,215.251.212.65,Gunungtua,1441925594,Asian Indian
923,Mark,Smith,msmithpm@hibu.com,Male,184.154.58.13,Acajutla,1471877184,Laotian
924,Kelly,Hughes,khughespn@hugedomains.com,Female,121.6.64.122,Bedford,1438451981,Menominee
925,Jane,Johnston,jjohnstonpo@baidu.com,Female,241.158.96.16,Okulovka,1479650203,Asian Indian
926,Jimmy,Fisher,jfisherpp@about.me,Male,57.168.54.197,Pozhang,1462128493,Taiwanese
927,Craig,Edwards,cedwardspq@abc.net.au,Male,20.107.112.117,Subusub,1447231139,Guamanian
928,Diane,Perez,dperezpr@google.ru,Female,125.189.242.237,Enonkoski,1477302963,Pakistani
929,Gary,Wheeler,gwheelerps@hhs.gov,Male,141.224.222.43,Negotin,1437723306,Delaware
930,Gregory,Foster,gfosterpt@canalblog.com,Male,10.2.5.37,San Fabian,1439096749,Japanese
931,Katherine,Johnson,kjohnsonpu@addtoany.com,Female,217.71.64.106,Barobo,1444429148,Crow
932,Walter,Berry,wberrypv@tripod.com,Male,81.212.182.27,Umuquena,1476614571,Ute
933,Kenneth,George,kgeorgepw@dion.ne.jp,Male,62.248.22.218,Mileb,1469971096,Chippewa
934,Susan,Marshall,smarshallpx@jugem.jp,Female,222.184.87.39,Badu,1470151116,Houma
935,Clarence,Rice,cricepy@instagram.com,Male,14.172.135.103,Lyon,1449029774,Cambodian
936,Earl,Roberts,erobertspz@usatoday.com,Male,42.184.128.149,Cabak Satu,1470987221,Mexican
937,William,Hanson,whansonq0@cnet.com,Male,127.137.236.75,Adtugan,1465244905,Potawatomi
938,Walter,Hanson,whansonq1@yahoo.com,Male,45.4.4.173,Koronadal,1461752770,Vietnamese
939,Michael,Russell,mrussellq2@drupal.org,Male,191.197.46.217,El Refugio,1461043431,Tlingit-Haida
940,Matthew,Grant,mgrantq3@amazon.co.jp,Male,244.74.113.219,Peseng,1465131199,Potawatomi
941,Patrick,Flores,pfloresq4@prweb.com,Male,169.204.126.59,Santa Cruz,1440021991,Chinese
942,Jimmy,Frazier,jfrazierq5@blogtalkradio.com,Male,216.223.146.214,Dorowa Mining Lease,1464371073,Indonesian
943,Barbara,Spencer,bspencerq6@clickbank.net,Female,162.141.219.78,Freiburg im Breisgau,1455369497,Honduran
944,Ernest,Reed,ereedq7@123-reg.co.uk,Male,71.148.169.232,Lutomiersk,1451855779,Central American
945,Craig,Bailey,cbaileyq8@chron.com,Male,216.44.68.149,An Naşr,1445607960,Sioux
946,Ruby,Martin,rmartinq9@usgs.gov,Female,180.56.76.163,Helsingborg,1459481730,Nicaraguan
947,Jonathan,Hicks,jhicksqa@nifty.com,Male,130.102.94.230,Baoshan,1458046427,Native Hawaiian and Other Pacific Islander (NHPI)
948,Kathryn,Peterson,kpetersonqb@va.gov,Female,58.199.45.119,Carabayllo,1438274276,Yakama
949,Ann,Walker,awalkerqc@posterous.com,Female,24.219.150.16,Shancheng,1444124544,Panamanian
950,Todd,Cook,tcookqd@pbs.org,Male,146.121.141.112,Kebonan,1467673083,Tohono O'Odham
951,Randy,Perez,rperezqe@apache.org,Male,33.74.103.88,Bellavista,1463043279,Comanche
952,Amy,Reid,areidqf@ebay.com,Female,90.16.99.120,Chekhov,1475648627,Guatemalan
953,Teresa,Warren,twarrenqg@hibu.com,Female,4.42.43.37,São Manuel,1444401459,Chippewa
954,Rose,Castillo,rcastilloqh@hugedomains.com,Female,110.73.161.161,Kolbano,1453890031,Ute
955,Henry,Rodriguez,hrodriguezqi@nhs.uk,Male,221.42.227.17,San Francisco,1448399755,Creek
956,Kimberly,Burns,kburnsqj@usgs.gov,Female,27.48.125.188,Orléans,1472541136,Tohono O'Odham
957,Joan,Hughes,jhughesqk@bloglovin.com,Female,29.24.179.99,Jindayris,1461542846,Bangladeshi
958,Louis,Holmes,lholmesql@livejournal.com,Male,129.231.205.116,Dalmacio Vélez Sársfield,1460672885,Yaqui
959,Bruce,Martin,bmartinqm@diigo.com,Male,169.99.104.140,Okotoks,1449563269,Guatemalan
960,Richard,Warren,rwarrenqn@cornell.edu,Male,211.238.103.237,Charlestown,1459939029,Paraguayan
961,Beverly,Butler,bbutlerqo@diigo.com,Female,17.53.251.15,Metulla,1437337306,Guamanian
962,Arthur,Bowman,abowmanqp@cafepress.com,Male,59.221.127.160,Kifrī,1450963332,Costa Rican
963,Heather,Moreno,hmorenoqq@unicef.org,Female,31.113.72.21,Kamenka,1473417444,Aleut
964,Samuel,Barnes,sbarnesqr@economist.com,Male,218.35.221.191,Basqal,1474724236,Peruvian
965,Karen,Frazier,kfrazierqs@jigsy.com,Female,67.218.19.192,Chenxikou,1463935991,Tohono O'Odham
966,Tina,Williamson,twilliamsonqt@angelfire.com,Female,205.151.40.35,Oslo,1449267608,Argentinian
967,Norma,Lynch,nlynchqu@marriott.com,Female,61.31.142.234,Boucinha,1462601237,Pueblo
968,Gary,Willis,gwillisqv@guardian.co.uk,Male,110.194.211.120,Kuncen,1473013694,Thai
969,Marie,Hawkins,mhawkinsqw@hostgator.com,Female,101.240.160.174,Bonga,1443783909,Pakistani
970,Dorothy,Mendoza,dmendozaqx@hatena.ne.jp,Female,219.24.132.2,Melaka,1454334633,Ottawa
971,Helen,Washington,hwashingtonqy@deliciousdays.com,Female,166.167.175.66,Okazaki,1464712325,Lumbee
972,Frank,Barnes,fbarnesqz@techcrunch.com,Male,168.211.14.186,Santa Cruz Cabrália,1468432619,White
973,Margaret,Baker,mbakerr0@about.me,Female,74.181.67.122,Santos,1439908328,Indonesian
974,Lawrence,Black,lblackr1@ow.ly,Male,2.56.252.80,Yeshan,1463006850,Delaware
975,Joe,Pierce,jpiercer2@nbcnews.com,Male,72.220.223.86,Saltsjöbaden,1458875599,Argentinian
976,Shawn,Russell,srussellr3@mozilla.org,Male,182.132.50.142,Ribeirão,1475259951,Japanese
977,Todd,Morales,tmoralesr4@list-manage.com,Male,176.216.4.37,Hongguang,1466180667,Menominee
978,Gary,Mccoy,gmccoyr5@cbslocal.com,Male,250.17.189.158,Thomazeau,1479050159,Ecuadorian
979,Louise,Franklin,lfranklinr6@va.gov,Female,185.221.225.230,Fengle,1474502112,Tohono O'Odham
980,Carl,Harrison,charrisonr7@technorati.com,Male,233.132.161.206,Lebyazh’ye,1465294663,Fijian
981,Joan,Riley,jrileyr8@addthis.com,Female,31.22.186.64,Santiago,1472905836,Pima
982,Beverly,Morales,bmoralesr9@miibeian.gov.cn,Female,128.110.237.117,Pirapora,1447281564,Hmong
983,Christina,Gilbert,cgilbertra@studiopress.com,Female,99.251.0.227,Blois,1443022847,Honduran
984,Marie,Reed,mreedrb@macromedia.com,Female,115.4.156.125,Mboto,1457723389,Tongan
985,Mary,Warren,mwarrenrc@mapy.cz,Female,246.103.222.238,Łopuszno,1439301751,Osage
986,Lisa,Bishop,lbishoprd@newsvine.com,Female,74.253.24.44,Seabra,1474848109,Iroquois
987,Todd,Lawson,tlawsonre@army.mil,Male,40.12.68.107,Skhodnya,1444377635,Shoshone
988,Andrea,Fisher,afisherrf@wikipedia.org,Female,110.220.247.103,Moca,1450617407,Micronesian
989,Eric,Hanson,ehansonrg@jimdo.com,Male,33.62.23.61,Rakitnoye,1462294083,Tlingit-Haida
990,Jean,Franklin,jfranklinrh@123-reg.co.uk,Female,201.97.16.118,Dongjin,1457156960,Costa Rican
991,Catherine,Collins,ccollinsri@linkedin.com,Female,139.48.156.253,Tangxi,1442825108,Alaskan Athabascan
992,Anne,Edwards,aedwardsrj@mapquest.com,Female,28.117.10.222,Lewokluok,1459127559,Hmong
993,Samuel,Murray,smurrayrk@digg.com,Male,91.153.51.216,Teresita,1448450162,Cheyenne
994,Louis,Adams,ladamsrl@typepad.com,Male,10.94.190.70,Saky,1471750879,Comanche
995,Michael,Lopez,mlopezrm@paginegialle.it,Male,255.69.70.168,Panambi,1480420236,Black or African American
996,Samuel,Torres,storresrn@163.com,Male,24.97.84.100,Medvedok,1466111999,American Indian and Alaska Native (AIAN)
997,Marie,Freeman,mfreemanro@g.co,Female,60.255.220.230,Dushanbe,1470623740,Aleut
998,Melissa,Dunn,mdunnrp@nbcnews.com,Female,110.172.89.245,Ōno-hara,1439239164,Colville
999,Sharon,Hawkins,shawkinsrq@rakuten.co.jp,Female,155.194.42.148,Henglan,1464561355,Colombian
1000,Joseph,Burton,jburtonrr@google.co.jp,Male,111.107.68.129,Qingshu,1443426399,Cheyenne
